,userId,avg_error,RS,fwls_feature16,fwls_feature24,fwls_feature_4,fwls_feature_6
1,1,0.336642260869565,BiasedMatrixFactorization,0.352060912977977,0.213322371360655,4.64439089914137,4.65396035015752
2,1,0.315300753623188,FactorWiseMatrixFactorization,0.352060912977977,0.213322371360655,4.64439089914137,4.65396035015752
3,1,0.357953710144927,BiPolarSlopeOne,0.352060912977977,0.213322371360655,4.64439089914137,4.65396035015752
4,1,0.322749739130435,MatrixFactorization,0.352060912977977,0.213322371360655,4.64439089914137,4.65396035015752
5,1,0.418000130434783,TimeAwareBaseline,0.352060912977977,0.213322371360655,4.64439089914137,4.65396035015752
6,1,1.21014492753623,Constant5,0.352060912977977,0.213322371360655,4.64439089914137,4.65396035015752
7,1,0.436870956521739,SlopeOne,0.352060912977977,0.213322371360655,4.64439089914137,4.65396035015752
8,1,0.415571449275362,TimeAwareBaselineWithFrequencies,0.352060912977977,0.213322371360655,4.64439089914137,4.65396035015752
9,1,0.373544463768116,GlobalAverage,0.352060912977977,0.213322371360655,4.64439089914137,4.65396035015752
10,1,0.437096710144928,ItemAverage,0.352060912977977,0.213322371360655,4.64439089914137,4.65396035015752
11,1,0.374348710144928,CoClustering,0.352060912977977,0.213322371360655,4.64439089914137,4.65396035015752
12,1,0.377347724637681,LatentFeatureLogLinearModel,0.352060912977977,0.213322371360655,4.64439089914137,4.65396035015752
13,1,0.425791652173913,UserItemBaseline,0.352060912977977,0.213322371360655,4.64439089914137,4.65396035015752
14,1,1.36412116956522,Random,0.352060912977977,0.213322371360655,4.64439089914137,4.65396035015752
15,1,0.341593115942029,SigmoidSVDPlusPlus,0.352060912977977,0.213322371360655,4.64439089914137,4.65396035015752
16,1,0.349482376811594,UserAverage,0.352060912977977,0.213322371360655,4.64439089914137,4.65396035015752
17,1,2.78985507246377,Constant,0.352060912977977,0.213322371360655,4.64439089914137,4.65396035015752
18,2,0.700206916666667,TimeAwareBaselineWithFrequencies,1.04045167237103,0.202461876364041,2.56494935746154,3.58351893845611
19,2,0.597714583333333,MatrixFactorization,1.04045167237103,0.202461876364041,2.56494935746154,3.58351893845611
20,2,1.95252719166667,Random,1.04045167237103,0.202461876364041,2.56494935746154,3.58351893845611
21,2,0.692205125,BiPolarSlopeOne,1.04045167237103,0.202461876364041,2.56494935746154,3.58351893845611
22,2,1.03331733333333,GlobalAverage,1.04045167237103,0.202461876364041,2.56494935746154,3.58351893845611
23,2,0.737976666666667,TimeAwareBaseline,1.04045167237103,0.202461876364041,2.56494935746154,3.58351893845611
24,2,0.663227291666667,SlopeOne,1.04045167237103,0.202461876364041,2.56494935746154,3.58351893845611
25,2,0.714624375,LatentFeatureLogLinearModel,1.04045167237103,0.202461876364041,2.56494935746154,3.58351893845611
26,2,0.703243958333333,UserItemBaseline,1.04045167237103,0.202461876364041,2.56494935746154,3.58351893845611
27,2,0.679883375,CoClustering,1.04045167237103,0.202461876364041,2.56494935746154,3.58351893845611
28,2,0.57843375,FactorWiseMatrixFactorization,1.04045167237103,0.202461876364041,2.56494935746154,3.58351893845611
29,2,0.618617791666667,BiasedMatrixFactorization,1.04045167237103,0.202461876364041,2.56494935746154,3.58351893845611
30,2,0.88888875,UserAverage,1.04045167237103,0.202461876364041,2.56494935746154,3.58351893845611
31,2,0.842137791666666,ItemAverage,1.04045167237103,0.202461876364041,2.56494935746154,3.58351893845611
32,2,2.875,Constant,1.04045167237103,0.202461876364041,2.56494935746154,3.58351893845611
33,2,0.768869458333333,SigmoidSVDPlusPlus,1.04045167237103,0.202461876364041,2.56494935746154,3.58351893845611
34,2,1.125,Constant5,1.04045167237103,0.202461876364041,2.56494935746154,3.58351893845611
35,3,0.599154783783784,TimeAwareBaselineWithFrequencies,0.921465734088414,0.223232605315365,4.15888308335967,4.71849887129509
36,3,0.793215648648649,ItemAverage,0.921465734088414,0.223232605315365,4.15888308335967,4.71849887129509
37,3,0.579967337837838,SlopeOne,0.921465734088414,0.223232605315365,4.15888308335967,4.71849887129509
38,3,0.594009864864865,LatentFeatureLogLinearModel,0.921465734088414,0.223232605315365,4.15888308335967,4.71849887129509
39,3,0.594218081081081,UserItemBaseline,0.921465734088414,0.223232605315365,4.15888308335967,4.71849887129509
40,3,0.605777351351351,BiPolarSlopeOne,0.921465734088414,0.223232605315365,4.15888308335967,4.71849887129509
41,3,0.60721627027027,CoClustering,0.921465734088414,0.223232605315365,4.15888308335967,4.71849887129509
42,3,0.583645121621622,FactorWiseMatrixFactorization,0.921465734088414,0.223232605315365,4.15888308335967,4.71849887129509
43,3,0.587053108108108,BiasedMatrixFactorization,0.921465734088414,0.223232605315365,4.15888308335967,4.71849887129509
44,3,0.944566054054054,GlobalAverage,0.921465734088414,0.223232605315365,4.15888308335967,4.71849887129509
45,3,0.618066148648649,SigmoidSVDPlusPlus,0.921465734088414,0.223232605315365,4.15888308335967,4.71849887129509
46,3,3.12162162162162,Constant,0.921465734088414,0.223232605315365,4.15888308335967,4.71849887129509
47,3,0.878378378378378,Constant5,0.921465734088414,0.223232605315365,4.15888308335967,4.71849887129509
48,3,0.59180577027027,MatrixFactorization,0.921465734088414,0.223232605315365,4.15888308335967,4.71849887129509
49,3,0.689189189189189,UserAverage,0.921465734088414,0.223232605315365,4.15888308335967,4.71849887129509
50,3,1.73661889459459,Random,0.921465734088414,0.223232605315365,4.15888308335967,4.71849887129509
51,3,0.620472702702703,TimeAwareBaseline,0.921465734088414,0.223232605315365,4.15888308335967,4.71849887129509
52,4,0.789896181818182,TimeAwareBaselineWithFrequencies,0.629152869605896,0.303767358939072,2.63905732961526,2.77258872223978
53,4,0.820658272727273,ItemAverage,0.629152869605896,0.303767358939072,2.63905732961526,2.77258872223978
54,4,0.747200363636364,FactorWiseMatrixFactorization,0.629152869605896,0.303767358939072,2.63905732961526,2.77258872223978
55,4,0.788381,UserItemBaseline,0.629152869605896,0.303767358939072,2.63905732961526,2.77258872223978
56,4,0.782034,SlopeOne,0.629152869605896,0.303767358939072,2.63905732961526,2.77258872223978
57,4,0.755406818181818,BiPolarSlopeOne,0.629152869605896,0.303767358939072,2.63905732961526,2.77258872223978
58,4,1.25747408181818,Random,0.629152869605896,0.303767358939072,2.63905732961526,2.77258872223978
59,4,0.765896,GlobalAverage,0.629152869605896,0.303767358939072,2.63905732961526,2.77258872223978
60,4,0.831498090909091,LatentFeatureLogLinearModel,0.629152869605896,0.303767358939072,2.63905732961526,2.77258872223978
61,4,1.45454545454545,Constant5,0.629152869605896,0.303767358939072,2.63905732961526,2.77258872223978
62,4,0.781217545454545,MatrixFactorization,0.629152869605896,0.303767358939072,2.63905732961526,2.77258872223978
63,4,0.737972,CoClustering,0.629152869605896,0.303767358939072,2.63905732961526,2.77258872223978
64,4,0.744504181818182,BiasedMatrixFactorization,0.629152869605896,0.303767358939072,2.63905732961526,2.77258872223978
65,4,0.713757181818182,SigmoidSVDPlusPlus,0.629152869605896,0.303767358939072,2.63905732961526,2.77258872223978
66,4,2.54545454545455,Constant,0.629152869605896,0.303767358939072,2.63905732961526,2.77258872223978
67,4,0.755681818181818,UserAverage,0.629152869605896,0.303767358939072,2.63905732961526,2.77258872223978
68,4,0.805428272727273,TimeAwareBaseline,0.629152869605896,0.303767358939072,2.63905732961526,2.77258872223978
69,5,0.672268807692307,FactorWiseMatrixFactorization,1.02268467311326,0.441131502885538,2.94443897916644,3.66356164612965
70,5,1.138432,GlobalAverage,1.02268467311326,0.441131502885538,2.94443897916644,3.66356164612965
71,5,0.793926807692308,TimeAwareBaselineWithFrequencies,1.02268467311326,0.441131502885538,2.94443897916644,3.66356164612965
72,5,0.609659923076923,CoClustering,1.02268467311326,0.441131502885538,2.94443897916644,3.66356164612965
73,5,0.615384615384615,Constant5,1.02268467311326,0.441131502885538,2.94443897916644,3.66356164612965
74,5,0.735455,BiasedMatrixFactorization,1.02268467311326,0.441131502885538,2.94443897916644,3.66356164612965
75,5,2.02852409230769,Random,1.02268467311326,0.441131502885538,2.94443897916644,3.66356164612965
76,5,0.803965846153846,UserItemBaseline,1.02268467311326,0.441131502885538,2.94443897916644,3.66356164612965
77,5,0.804733769230769,UserAverage,1.02268467311326,0.441131502885538,2.94443897916644,3.66356164612965
78,5,1.02923046153846,ItemAverage,1.02268467311326,0.441131502885538,2.94443897916644,3.66356164612965
79,5,0.82291,TimeAwareBaseline,1.02268467311326,0.441131502885538,2.94443897916644,3.66356164612965
80,5,0.582190538461538,BiPolarSlopeOne,1.02268467311326,0.441131502885538,2.94443897916644,3.66356164612965
81,5,0.681419461538461,MatrixFactorization,1.02268467311326,0.441131502885538,2.94443897916644,3.66356164612965
82,5,0.66417,SlopeOne,1.02268467311326,0.441131502885538,2.94443897916644,3.66356164612965
83,5,0.769580653846154,LatentFeatureLogLinearModel,1.02268467311326,0.441131502885538,2.94443897916644,3.66356164612965
84,5,0.735771846153846,SigmoidSVDPlusPlus,1.02268467311326,0.441131502885538,2.94443897916644,3.66356164612965
85,5,3.38461538461538,Constant,1.02268467311326,0.441131502885538,2.94443897916644,3.66356164612965
86,6,0.549412,TimeAwareBaselineWithFrequencies,1.21573927222163,0.312737931404265,1.6094379124341,2.63905732961526
87,6,0.854287333333333,MatrixFactorization,1.21573927222163,0.312737931404265,1.6094379124341,2.63905732961526
88,6,0.620494777777778,BiasedMatrixFactorization,1.21573927222163,0.312737931404265,1.6094379124341,2.63905732961526
89,6,1.97636362222222,Random,1.21573927222163,0.312737931404265,1.6094379124341,2.63905732961526
90,6,0.530452777777778,SigmoidSVDPlusPlus,1.21573927222163,0.312737931404265,1.6094379124341,2.63905732961526
91,6,0.719439111111111,GlobalAverage,1.21573927222163,0.312737931404265,1.6094379124341,2.63905732961526
92,6,2.77777777777778,Constant,1.21573927222163,0.312737931404265,1.6094379124341,2.63905732961526
93,6,0.586194111111111,SlopeOne,1.21573927222163,0.312737931404265,1.6094379124341,2.63905732961526
94,6,0.653877,BiPolarSlopeOne,1.21573927222163,0.312737931404265,1.6094379124341,2.63905732961526
95,6,0.735469444444445,FactorWiseMatrixFactorization,1.21573927222163,0.312737931404265,1.6094379124341,2.63905732961526
96,6,0.650341,ItemAverage,1.21573927222163,0.312737931404265,1.6094379124341,2.63905732961526
97,6,0.706349222222222,UserAverage,1.21573927222163,0.312737931404265,1.6094379124341,2.63905732961526
98,6,0.680286222222222,LatentFeatureLogLinearModel,1.21573927222163,0.312737931404265,1.6094379124341,2.63905732961526
99,6,0.588492444444444,TimeAwareBaseline,1.21573927222163,0.312737931404265,1.6094379124341,2.63905732961526
100,6,0.596847111111111,UserItemBaseline,1.21573927222163,0.312737931404265,1.6094379124341,2.63905732961526
101,6,1.22222222222222,Constant5,1.21573927222163,0.312737931404265,1.6094379124341,2.63905732961526
102,6,0.594368777777778,CoClustering,1.21573927222163,0.312737931404265,1.6094379124341,2.63905732961526
103,7,0.565870018181818,BiasedMatrixFactorization,0.865491841165997,0.187615678870527,4.59511985013459,5.10594547390058
104,7,0.760921309090909,GlobalAverage,0.865491841165997,0.187615678870527,4.59511985013459,5.10594547390058
105,7,0.659951281818182,TimeAwareBaselineWithFrequencies,0.865491841165997,0.187615678870527,4.59511985013459,5.10594547390058
106,7,1.28289617272727,Random,0.865491841165997,0.187615678870527,4.59511985013459,5.10594547390058
107,7,0.653583918181818,LatentFeatureLogLinearModel,0.865491841165997,0.187615678870527,4.59511985013459,5.10594547390058
108,7,0.639375263636364,SlopeOne,0.865491841165997,0.187615678870527,4.59511985013459,5.10594547390058
109,7,0.577602463636364,FactorWiseMatrixFactorization,0.865491841165997,0.187615678870527,4.59511985013459,5.10594547390058
110,7,0.643145563636364,CoClustering,0.865491841165997,0.187615678870527,4.59511985013459,5.10594547390058
111,7,2.26363636363636,Constant,0.865491841165997,0.187615678870527,4.59511985013459,5.10594547390058
112,7,0.657006327272728,UserItemBaseline,0.865491841165997,0.187615678870527,4.59511985013459,5.10594547390058
113,7,0.658337690909091,TimeAwareBaseline,0.865491841165997,0.187615678870527,4.59511985013459,5.10594547390058
114,7,0.659752672727273,ItemAverage,0.865491841165997,0.187615678870527,4.59511985013459,5.10594547390058
115,7,1.73636363636364,Constant5,0.865491841165997,0.187615678870527,4.59511985013459,5.10594547390058
116,7,0.620191181818182,SigmoidSVDPlusPlus,0.865491841165997,0.187615678870527,4.59511985013459,5.10594547390058
117,7,0.704407636363637,UserAverage,0.865491841165997,0.187615678870527,4.59511985013459,5.10594547390058
118,7,0.647608918181818,BiPolarSlopeOne,0.865491841165997,0.187615678870527,4.59511985013459,5.10594547390058
119,7,0.572450309090909,MatrixFactorization,0.865491841165997,0.187615678870527,4.59511985013459,5.10594547390058
120,8,1.53915114074074,Random,1.01784313416201,0.437215897243421,3.3322045101752,3.73766961828337
121,8,0.787946962962963,GlobalAverage,1.01784313416201,0.437215897243421,3.3322045101752,3.73766961828337
122,8,0.599920555555556,TimeAwareBaselineWithFrequencies,1.01784313416201,0.437215897243421,3.3322045101752,3.73766961828337
123,8,0.582392888888889,SlopeOne,1.01784313416201,0.437215897243421,3.3322045101752,3.73766961828337
124,8,0.608791925925926,FactorWiseMatrixFactorization,1.01784313416201,0.437215897243421,3.3322045101752,3.73766961828337
125,8,0.714309481481482,ItemAverage,1.01784313416201,0.437215897243421,3.3322045101752,3.73766961828337
126,8,0.692724148148148,BiasedMatrixFactorization,1.01784313416201,0.437215897243421,3.3322045101752,3.73766961828337
127,8,0.636926148148148,LatentFeatureLogLinearModel,1.01784313416201,0.437215897243421,3.3322045101752,3.73766961828337
128,8,0.69312162962963,UserAverage,1.01784313416201,0.437215897243421,3.3322045101752,3.73766961828337
129,8,1.18518518518519,Constant5,1.01784313416201,0.437215897243421,3.3322045101752,3.73766961828337
130,8,0.571231555555556,CoClustering,1.01784313416201,0.437215897243421,3.3322045101752,3.73766961828337
131,8,0.650186703703704,MatrixFactorization,1.01784313416201,0.437215897243421,3.3322045101752,3.73766961828337
132,8,0.614419037037037,SigmoidSVDPlusPlus,1.01784313416201,0.437215897243421,3.3322045101752,3.73766961828337
133,8,0.634452,TimeAwareBaseline,1.01784313416201,0.437215897243421,3.3322045101752,3.73766961828337
134,8,2.81481481481481,Constant,1.01784313416201,0.437215897243421,3.3322045101752,3.73766961828337
135,8,0.588635444444445,BiPolarSlopeOne,1.01784313416201,0.437215897243421,3.3322045101752,3.73766961828337
136,8,0.618375222222222,UserItemBaseline,1.01784313416201,0.437215897243421,3.3322045101752,3.73766961828337
137,9,0.730221307692308,BiasedMatrixFactorization,1.2440333788203,0.184507872960269,2.83321334405622,3.04452243772342
138,9,0.589671307692308,SigmoidSVDPlusPlus,1.2440333788203,0.184507872960269,2.83321334405622,3.04452243772342
139,9,0.609358307692308,TimeAwareBaselineWithFrequencies,1.2440333788203,0.184507872960269,2.83321334405622,3.04452243772342
140,9,0.957810538461539,Random,1.2440333788203,0.184507872960269,2.83321334405622,3.04452243772342
141,9,0.700586846153846,CoClustering,1.2440333788203,0.184507872960269,2.83321334405622,3.04452243772342
142,9,1.69230769230769,Constant5,1.2440333788203,0.184507872960269,2.83321334405622,3.04452243772342
143,9,2.30769230769231,Constant,1.2440333788203,0.184507872960269,2.83321334405622,3.04452243772342
144,9,0.572793538461539,ItemAverage,1.2440333788203,0.184507872960269,2.83321334405622,3.04452243772342
145,9,0.570290230769231,FactorWiseMatrixFactorization,1.2440333788203,0.184507872960269,2.83321334405622,3.04452243772342
146,9,0.704678,LatentFeatureLogLinearModel,1.2440333788203,0.184507872960269,2.83321334405622,3.04452243772342
147,9,0.579619692307692,UserItemBaseline,1.2440333788203,0.184507872960269,2.83321334405622,3.04452243772342
148,9,0.593282692307692,SlopeOne,1.2440333788203,0.184507872960269,2.83321334405622,3.04452243772342
149,9,0.587489615384615,BiPolarSlopeOne,1.2440333788203,0.184507872960269,2.83321334405622,3.04452243772342
150,9,0.817326153846154,GlobalAverage,1.2440333788203,0.184507872960269,2.83321334405622,3.04452243772342
151,9,0.648351615384615,UserAverage,1.2440333788203,0.184507872960269,2.83321334405622,3.04452243772342
152,9,0.573892461538462,MatrixFactorization,1.2440333788203,0.184507872960269,2.83321334405622,3.04452243772342
153,9,0.604102230769231,TimeAwareBaseline,1.2440333788203,0.184507872960269,2.83321334405622,3.04452243772342
154,10,1.53475146666667,Random,0.526361355967815,0.389117750759187,2.484906649788,3.09104245335832
155,10,0.6899686,CoClustering,0.526361355967815,0.389117750759187,2.484906649788,3.09104245335832
156,10,0.691650666666667,GlobalAverage,0.526361355967815,0.389117750759187,2.484906649788,3.09104245335832
157,10,0.537983733333333,SlopeOne,0.526361355967815,0.389117750759187,2.484906649788,3.09104245335832
158,10,0.531808733333333,FactorWiseMatrixFactorization,0.526361355967815,0.389117750759187,2.484906649788,3.09104245335832
159,10,0.5361722,ItemAverage,0.526361355967815,0.389117750759187,2.484906649788,3.09104245335832
160,10,0.563636333333333,UserAverage,0.526361355967815,0.389117750759187,2.484906649788,3.09104245335832
161,10,2.86666666666667,Constant,0.526361355967815,0.389117750759187,2.484906649788,3.09104245335832
162,10,1.13333333333333,Constant5,0.526361355967815,0.389117750759187,2.484906649788,3.09104245335832
163,10,0.517230066666667,BiasedMatrixFactorization,0.526361355967815,0.389117750759187,2.484906649788,3.09104245335832
164,10,0.533858,LatentFeatureLogLinearModel,0.526361355967815,0.389117750759187,2.484906649788,3.09104245335832
165,10,0.549946733333334,UserItemBaseline,0.526361355967815,0.389117750759187,2.484906649788,3.09104245335832
166,10,0.493056066666667,MatrixFactorization,0.526361355967815,0.389117750759187,2.484906649788,3.09104245335832
167,10,0.5354388,BiPolarSlopeOne,0.526361355967815,0.389117750759187,2.484906649788,3.09104245335832
168,10,0.542890266666667,TimeAwareBaselineWithFrequencies,0.526361355967815,0.389117750759187,2.484906649788,3.09104245335832
169,10,0.5691448,SigmoidSVDPlusPlus,0.526361355967815,0.389117750759187,2.484906649788,3.09104245335832
170,10,0.5444932,TimeAwareBaseline,0.526361355967815,0.389117750759187,2.484906649788,3.09104245335832
171,11,1.79164292437811,Random,1.157310771021,0.160507828455859,5.70711026474888,5.71042701737487
172,11,0.866583164179104,CoClustering,1.157310771021,0.160507828455859,5.70711026474888,5.71042701737487
173,11,0.888144139303482,TimeAwareBaselineWithFrequencies,1.157310771021,0.160507828455859,5.70711026474888,5.71042701737487
174,11,0.90638696517413,UserAverage,1.157310771021,0.160507828455859,5.70711026474888,5.71042701737487
175,11,0.828093761194031,SlopeOne,1.157310771021,0.160507828455859,5.70711026474888,5.71042701737487
176,11,1.11442786069652,Constant5,1.157310771021,0.160507828455859,5.70711026474888,5.71042701737487
177,11,0.860064308457711,UserItemBaseline,1.157310771021,0.160507828455859,5.70711026474888,5.71042701737487
178,11,1.05408895522388,GlobalAverage,1.157310771021,0.160507828455859,5.70711026474888,5.71042701737487
179,11,0.819194313432835,MatrixFactorization,1.157310771021,0.160507828455859,5.70711026474888,5.71042701737487
180,11,2.93034825870647,Constant,1.157310771021,0.160507828455859,5.70711026474888,5.71042701737487
181,11,0.84955055721393,BiasedMatrixFactorization,1.157310771021,0.160507828455859,5.70711026474888,5.71042701737487
182,11,0.827077691542288,LatentFeatureLogLinearModel,1.157310771021,0.160507828455859,5.70711026474888,5.71042701737487
183,11,0.868827582089552,SigmoidSVDPlusPlus,1.157310771021,0.160507828455859,5.70711026474888,5.71042701737487
184,11,0.928358457711443,TimeAwareBaseline,1.157310771021,0.160507828455859,5.70711026474888,5.71042701737487
185,11,0.809836671641791,BiPolarSlopeOne,1.157310771021,0.160507828455859,5.70711026474888,5.71042701737487
186,11,1.11487686069652,ItemAverage,1.157310771021,0.160507828455859,5.70711026474888,5.71042701737487
187,11,0.800581965671642,FactorWiseMatrixFactorization,1.157310771021,0.160507828455859,5.70711026474888,5.71042701737487
188,12,0.577477142857143,CoClustering,0.589592272353571,0.493362644695061,2.39789527279837,3.04452243772342
189,12,0.588435428571429,UserAverage,0.589592272353571,0.493362644695061,2.39789527279837,3.04452243772342
190,12,1.64285714285714,Constant5,0.589592272353571,0.493362644695061,2.39789527279837,3.04452243772342
191,12,0.492056071428572,TimeAwareBaselineWithFrequencies,0.589592272353571,0.493362644695061,2.39789527279837,3.04452243772342
192,12,0.471075214285714,LatentFeatureLogLinearModel,0.589592272353571,0.493362644695061,2.39789527279837,3.04452243772342
193,12,0.575006857142857,GlobalAverage,0.589592272353571,0.493362644695061,2.39789527279837,3.04452243772342
194,12,0.530923928571429,SigmoidSVDPlusPlus,0.589592272353571,0.493362644695061,2.39789527279837,3.04452243772342
195,12,0.498933714285714,SlopeOne,0.589592272353571,0.493362644695061,2.39789527279837,3.04452243772342
196,12,0.483657714285714,ItemAverage,0.589592272353571,0.493362644695061,2.39789527279837,3.04452243772342
197,12,0.499528571428571,BiasedMatrixFactorization,0.589592272353571,0.493362644695061,2.39789527279837,3.04452243772342
198,12,0.464924571428571,MatrixFactorization,0.589592272353571,0.493362644695061,2.39789527279837,3.04452243772342
199,12,2.35714285714286,Constant,0.589592272353571,0.493362644695061,2.39789527279837,3.04452243772342
200,12,0.483742857142857,FactorWiseMatrixFactorization,0.589592272353571,0.493362644695061,2.39789527279837,3.04452243772342
201,12,0.475488214285714,TimeAwareBaseline,0.589592272353571,0.493362644695061,2.39789527279837,3.04452243772342
202,12,0.509356214285714,BiPolarSlopeOne,0.589592272353571,0.493362644695061,2.39789527279837,3.04452243772342
203,12,0.499900142857143,UserItemBaseline,0.589592272353571,0.493362644695061,2.39789527279837,3.04452243772342
204,12,0.810880464285714,Random,0.589592272353571,0.493362644695061,2.39789527279837,3.04452243772342
205,13,0.868738,GlobalAverage,1.05551604161856,0.416726121843099,2.83321334405622,3.61091791264422
206,13,0.70081475,LatentFeatureLogLinearModel,1.05551604161856,0.416726121843099,2.83321334405622,3.61091791264422
207,13,0.691017458333333,UserItemBaseline,1.05551604161856,0.416726121843099,2.83321334405622,3.61091791264422
208,13,0.67488,SlopeOne,1.05551604161856,0.416726121843099,2.83321334405622,3.61091791264422
209,13,1.16666666666667,Constant5,1.05551604161856,0.416726121843099,2.83321334405622,3.61091791264422
210,13,0.747272791666667,ItemAverage,1.05551604161856,0.416726121843099,2.83321334405622,3.61091791264422
211,13,0.714378375,TimeAwareBaselineWithFrequencies,1.05551604161856,0.416726121843099,2.83321334405622,3.61091791264422
212,13,0.831081,UserAverage,1.05551604161856,0.416726121843099,2.83321334405622,3.61091791264422
213,13,2.83333333333333,Constant,1.05551604161856,0.416726121843099,2.83321334405622,3.61091791264422
214,13,0.53937725,FactorWiseMatrixFactorization,1.05551604161856,0.416726121843099,2.83321334405622,3.61091791264422
215,13,0.607662458333333,BiasedMatrixFactorization,1.05551604161856,0.416726121843099,2.83321334405622,3.61091791264422
216,13,0.656793166666667,BiPolarSlopeOne,1.05551604161856,0.416726121843099,2.83321334405622,3.61091791264422
217,13,1.23680241666667,Random,1.05551604161856,0.416726121843099,2.83321334405622,3.61091791264422
218,13,0.595583708333333,MatrixFactorization,1.05551604161856,0.416726121843099,2.83321334405622,3.61091791264422
219,13,0.729987041666667,TimeAwareBaseline,1.05551604161856,0.416726121843099,2.83321334405622,3.61091791264422
220,13,0.665873333333333,SigmoidSVDPlusPlus,1.05551604161856,0.416726121843099,2.83321334405622,3.61091791264422
221,13,0.672695166666667,CoClustering,1.05551604161856,0.416726121843099,2.83321334405622,3.61091791264422
222,14,0.548979144329897,BiasedMatrixFactorization,0.809841288078963,0.186078680914766,4.97673374242057,4.97673374242057
223,14,0.630536793814433,UserAverage,0.809841288078963,0.186078680914766,4.97673374242057,4.97673374242057
224,14,1.35051546391753,Constant5,0.809841288078963,0.186078680914766,4.97673374242057,4.97673374242057
225,14,0.61016481443299,LatentFeatureLogLinearModel,0.809841288078963,0.186078680914766,4.97673374242057,4.97673374242057
226,14,0.627426865979382,TimeAwareBaselineWithFrequencies,0.809841288078963,0.186078680914766,4.97673374242057,4.97673374242057
227,14,2.64948453608247,Constant,0.809841288078963,0.186078680914766,4.97673374242057,4.97673374242057
228,14,0.607283762886598,SigmoidSVDPlusPlus,0.809841288078963,0.186078680914766,4.97673374242057,4.97673374242057
229,14,0.618321360824742,UserItemBaseline,0.809841288078963,0.186078680914766,4.97673374242057,4.97673374242057
230,14,0.624273453608247,ItemAverage,0.809841288078963,0.186078680914766,4.97673374242057,4.97673374242057
231,14,0.618309649484536,CoClustering,0.809841288078963,0.186078680914766,4.97673374242057,4.97673374242057
232,14,0.526877237113402,FactorWiseMatrixFactorization,0.809841288078963,0.186078680914766,4.97673374242057,4.97673374242057
233,14,1.38618120103093,Random,0.809841288078963,0.186078680914766,4.97673374242057,4.97673374242057
234,14,0.536857432989691,MatrixFactorization,0.809841288078963,0.186078680914766,4.97673374242057,4.97673374242057
235,14,0.642412886597938,SlopeOne,0.809841288078963,0.186078680914766,4.97673374242057,4.97673374242057
236,14,0.628654793814433,TimeAwareBaseline,0.809841288078963,0.186078680914766,4.97673374242057,4.97673374242057
237,14,0.613917721649485,BiPolarSlopeOne,0.809841288078963,0.186078680914766,4.97673374242057,4.97673374242057
238,14,0.633762391752577,GlobalAverage,0.809841288078963,0.186078680914766,4.97673374242057,4.97673374242057
239,15,0.514527894736842,BiasedMatrixFactorization,0.759180268317714,0.496914973015181,2.39789527279837,3.36729582998647
240,15,0.439205210526316,SlopeOne,0.759180268317714,0.496914973015181,2.39789527279837,3.36729582998647
241,15,0.517850631578948,FactorWiseMatrixFactorization,0.759180268317714,0.496914973015181,2.39789527279837,3.36729582998647
242,15,1.73684210526316,Constant5,0.759180268317714,0.496914973015181,2.39789527279837,3.36729582998647
243,15,0.468504789473684,MatrixFactorization,0.759180268317714,0.496914973015181,2.39789527279837,3.36729582998647
244,15,0.423026263157895,TimeAwareBaselineWithFrequencies,0.759180268317714,0.496914973015181,2.39789527279837,3.36729582998647
245,15,2.26315789473684,Constant,0.759180268317714,0.496914973015181,2.39789527279837,3.36729582998647
246,15,1.35003069473684,Random,0.759180268317714,0.496914973015181,2.39789527279837,3.36729582998647
247,15,0.592567105263158,SigmoidSVDPlusPlus,0.759180268317714,0.496914973015181,2.39789527279837,3.36729582998647
248,15,0.465262421052632,UserItemBaseline,0.759180268317714,0.496914973015181,2.39789527279837,3.36729582998647
249,15,0.567133052631579,GlobalAverage,0.759180268317714,0.496914973015181,2.39789527279837,3.36729582998647
250,15,0.442573,CoClustering,0.759180268317714,0.496914973015181,2.39789527279837,3.36729582998647
251,15,0.489257052631579,TimeAwareBaseline,0.759180268317714,0.496914973015181,2.39789527279837,3.36729582998647
252,15,0.362976526315789,UserAverage,0.759180268317714,0.496914973015181,2.39789527279837,3.36729582998647
253,15,0.446460473684211,LatentFeatureLogLinearModel,0.759180268317714,0.496914973015181,2.39789527279837,3.36729582998647
254,15,0.484433842105263,BiPolarSlopeOne,0.759180268317714,0.496914973015181,2.39789527279837,3.36729582998647
255,15,0.588468684210526,ItemAverage,0.759180268317714,0.496914973015181,2.39789527279837,3.36729582998647
256,16,0.797998608695652,SlopeOne,1.15847464023322,0.220467909420743,2.89037175789616,3.58351893845611
257,16,1.44356804347826,Random,1.15847464023322,0.220467909420743,2.89037175789616,3.58351893845611
258,16,0.704983217391304,BiasedMatrixFactorization,1.15847464023322,0.220467909420743,2.89037175789616,3.58351893845611
259,16,0.788170695652174,ItemAverage,1.15847464023322,0.220467909420743,2.89037175789616,3.58351893845611
260,16,0.779793173913043,CoClustering,1.15847464023322,0.220467909420743,2.89037175789616,3.58351893845611
261,16,0.782521608695652,UserItemBaseline,1.15847464023322,0.220467909420743,2.89037175789616,3.58351893845611
262,16,0.821529130434783,LatentFeatureLogLinearModel,1.15847464023322,0.220467909420743,2.89037175789616,3.58351893845611
263,16,0.770077782608696,TimeAwareBaselineWithFrequencies,1.15847464023322,0.220467909420743,2.89037175789616,3.58351893845611
264,16,0.774435869565217,TimeAwareBaseline,1.15847464023322,0.220467909420743,2.89037175789616,3.58351893845611
265,16,0.667203869565217,FactorWiseMatrixFactorization,1.15847464023322,0.220467909420743,2.89037175789616,3.58351893845611
266,16,0.803140086956522,UserAverage,1.15847464023322,0.220467909420743,2.89037175789616,3.58351893845611
267,16,1.39130434782609,Constant5,1.15847464023322,0.220467909420743,2.89037175789616,3.58351893845611
268,16,0.805436869565217,GlobalAverage,1.15847464023322,0.220467909420743,2.89037175789616,3.58351893845611
269,16,0.792117826086957,BiPolarSlopeOne,1.15847464023322,0.220467909420743,2.89037175789616,3.58351893845611
270,16,0.75497652173913,MatrixFactorization,1.15847464023322,0.220467909420743,2.89037175789616,3.58351893845611
271,16,0.789915391304348,SigmoidSVDPlusPlus,1.15847464023322,0.220467909420743,2.89037175789616,3.58351893845611
272,16,2.60869565217391,Constant,1.15847464023322,0.220467909420743,2.89037175789616,3.58351893845611
273,17,0.5704735,UserItemBaseline,0.703731550548997,0.323277868134618,2.30258509299405,2.70805020110221
274,17,2.19049948,Random,0.703731550548997,0.323277868134618,2.30258509299405,2.70805020110221
275,17,0.6063982,LatentFeatureLogLinearModel,0.703731550548997,0.323277868134618,2.30258509299405,2.70805020110221
276,17,1,Constant5,0.703731550548997,0.323277868134618,2.30258509299405,2.70805020110221
277,17,0.6691517,ItemAverage,0.703731550548997,0.323277868134618,2.30258509299405,2.70805020110221
278,17,0.5155414,MatrixFactorization,0.703731550548997,0.323277868134618,2.30258509299405,2.70805020110221
279,17,0.5046798,FactorWiseMatrixFactorization,0.703731550548997,0.323277868134618,2.30258509299405,2.70805020110221
280,17,0.6207766,SigmoidSVDPlusPlus,0.703731550548997,0.323277868134618,2.30258509299405,2.70805020110221
281,17,0.5718398,TimeAwareBaseline,0.703731550548997,0.323277868134618,2.30258509299405,2.70805020110221
282,17,0.7899808,GlobalAverage,0.703731550548997,0.323277868134618,2.30258509299405,2.70805020110221
283,17,0.6266668,UserAverage,0.703731550548997,0.323277868134618,2.30258509299405,2.70805020110221
284,17,0.6088283,CoClustering,0.703731550548997,0.323277868134618,2.30258509299405,2.70805020110221
285,17,0.5214223,BiasedMatrixFactorization,0.703731550548997,0.323277868134618,2.30258509299405,2.70805020110221
286,17,0.5738436,TimeAwareBaselineWithFrequencies,0.703731550548997,0.323277868134618,2.30258509299405,2.70805020110221
287,17,0.5605934,BiPolarSlopeOne,0.703731550548997,0.323277868134618,2.30258509299405,2.70805020110221
288,17,0.5535262,SlopeOne,0.703731550548997,0.323277868134618,2.30258509299405,2.70805020110221
289,17,3,Constant,0.703731550548997,0.323277868134618,2.30258509299405,2.70805020110221
290,18,0.908564833333333,UserAverage,1.09621271481357,0.150786799560727,4.27666611901606,4.27666611901606
291,18,0.661956958333333,BiasedMatrixFactorization,1.09621271481357,0.150786799560727,4.27666611901606,4.27666611901606
292,18,0.711854958333333,BiPolarSlopeOne,1.09621271481357,0.150786799560727,4.27666611901606,4.27666611901606
293,18,0.612696104166667,FactorWiseMatrixFactorization,1.09621271481357,0.150786799560727,4.27666611901606,4.27666611901606
294,18,0.75526225,LatentFeatureLogLinearModel,1.09621271481357,0.150786799560727,4.27666611901606,4.27666611901606
295,18,0.726644979166667,UserItemBaseline,1.09621271481357,0.150786799560727,4.27666611901606,4.27666611901606
296,18,0.6311594375,MatrixFactorization,1.09621271481357,0.150786799560727,4.27666611901606,4.27666611901606
297,18,0.697529104166667,CoClustering,1.09621271481357,0.150786799560727,4.27666611901606,4.27666611901606
298,18,1.375,Constant5,1.09621271481357,0.150786799560727,4.27666611901606,4.27666611901606
299,18,0.914579333333333,GlobalAverage,1.09621271481357,0.150786799560727,4.27666611901606,4.27666611901606
300,18,1.51731633125,Random,1.09621271481357,0.150786799560727,4.27666611901606,4.27666611901606
301,18,0.753692145833333,ItemAverage,1.09621271481357,0.150786799560727,4.27666611901606,4.27666611901606
302,18,0.628347104166667,SigmoidSVDPlusPlus,1.09621271481357,0.150786799560727,4.27666611901606,4.27666611901606
303,18,0.711299604166667,SlopeOne,1.09621271481357,0.150786799560727,4.27666611901606,4.27666611901606
304,18,0.7289913125,TimeAwareBaseline,1.09621271481357,0.150786799560727,4.27666611901606,4.27666611901606
305,18,2.625,Constant,1.09621271481357,0.150786799560727,4.27666611901606,4.27666611901606
306,18,0.735762020833333,TimeAwareBaselineWithFrequencies,1.09621271481357,0.150786799560727,4.27666611901606,4.27666611901606
307,19,0.595225526315789,BiasedMatrixFactorization,0.817200154156877,0.217132490929563,2.89037175789616,3.40119738166216
308,19,0.664912157894737,UserAverage,0.817200154156877,0.217132490929563,2.89037175789616,3.40119738166216
309,19,0.709666894736842,TimeAwareBaseline,0.817200154156877,0.217132490929563,2.89037175789616,3.40119738166216
310,19,0.607278052631579,BiPolarSlopeOne,0.817200154156877,0.217132490929563,2.89037175789616,3.40119738166216
311,19,0.55255147368421,FactorWiseMatrixFactorization,0.817200154156877,0.217132490929563,2.89037175789616,3.40119738166216
312,19,1.44072215263158,Random,0.817200154156877,0.217132490929563,2.89037175789616,3.40119738166216
313,19,0.612345421052631,CoClustering,0.817200154156877,0.217132490929563,2.89037175789616,3.40119738166216
314,19,0.621964894736842,SlopeOne,0.817200154156877,0.217132490929563,2.89037175789616,3.40119738166216
315,19,0.776515,ItemAverage,0.817200154156877,0.217132490929563,2.89037175789616,3.40119738166216
316,19,1.05263157894737,Constant5,0.817200154156877,0.217132490929563,2.89037175789616,3.40119738166216
317,19,0.641073947368421,UserItemBaseline,0.817200154156877,0.217132490929563,2.89037175789616,3.40119738166216
318,19,0.753929684210526,GlobalAverage,0.817200154156877,0.217132490929563,2.89037175789616,3.40119738166216
319,19,0.594758263157895,SigmoidSVDPlusPlus,0.817200154156877,0.217132490929563,2.89037175789616,3.40119738166216
320,19,0.593469,MatrixFactorization,0.817200154156877,0.217132490929563,2.89037175789616,3.40119738166216
321,19,0.700860947368421,LatentFeatureLogLinearModel,0.817200154156877,0.217132490929563,2.89037175789616,3.40119738166216
322,19,0.644651052631579,TimeAwareBaselineWithFrequencies,0.817200154156877,0.217132490929563,2.89037175789616,3.40119738166216
323,19,2.94736842105263,Constant,0.817200154156877,0.217132490929563,2.89037175789616,3.40119738166216
324,20,0.496300636363637,CoClustering,0.729583214353693,0.276019642186914,2.77258872223978,2.77258872223978
325,20,0.365671545454545,TimeAwareBaseline,0.729583214353693,0.276019642186914,2.77258872223978,2.77258872223978
326,20,0.389495545454545,TimeAwareBaselineWithFrequencies,0.729583214353693,0.276019642186914,2.77258872223978,2.77258872223978
327,20,0.543177454545454,GlobalAverage,0.729583214353693,0.276019642186914,2.77258872223978,2.77258872223978
328,20,0.724431818181818,UserAverage,0.729583214353693,0.276019642186914,2.77258872223978,2.77258872223978
329,20,0.299198181818182,FactorWiseMatrixFactorization,0.729583214353693,0.276019642186914,2.77258872223978,2.77258872223978
330,20,0.409739,BiPolarSlopeOne,0.729583214353693,0.276019642186914,2.77258872223978,2.77258872223978
331,20,0.353190090909091,UserItemBaseline,0.729583214353693,0.276019642186914,2.77258872223978,2.77258872223978
332,20,0.381751272727273,LatentFeatureLogLinearModel,0.729583214353693,0.276019642186914,2.77258872223978,2.77258872223978
333,20,0.341224727272727,ItemAverage,0.729583214353693,0.276019642186914,2.77258872223978,2.77258872223978
334,20,2.59090909090909,Constant,0.729583214353693,0.276019642186914,2.77258872223978,2.77258872223978
335,20,0.325048090909091,SigmoidSVDPlusPlus,0.729583214353693,0.276019642186914,2.77258872223978,2.77258872223978
336,20,0.356930636363637,BiasedMatrixFactorization,0.729583214353693,0.276019642186914,2.77258872223978,2.77258872223978
337,20,0.472731545454545,SlopeOne,0.729583214353693,0.276019642186914,2.77258872223978,2.77258872223978
338,20,1.68986852727273,Random,0.729583214353693,0.276019642186914,2.77258872223978,2.77258872223978
339,20,1.40909090909091,Constant5,0.729583214353693,0.276019642186914,2.77258872223978,2.77258872223978
340,20,0.422588272727273,MatrixFactorization,0.729583214353693,0.276019642186914,2.77258872223978,2.77258872223978
341,21,0.578132492307692,FactorWiseMatrixFactorization,0.824480467468522,0.242048648237311,4.00733318523247,4.57471097850338
342,21,0.685793830769231,TimeAwareBaselineWithFrequencies,0.824480467468522,0.242048648237311,4.00733318523247,4.57471097850338
343,21,0.711762353846154,SlopeOne,0.824480467468522,0.242048648237311,4.00733318523247,4.57471097850338
344,21,0.751784292307693,UserAverage,0.824480467468522,0.242048648237311,4.00733318523247,4.57471097850338
345,21,0.810727707692308,CoClustering,0.824480467468522,0.242048648237311,4.00733318523247,4.57471097850338
346,21,1.53846153846154,Constant5,0.824480467468522,0.242048648237311,4.00733318523247,4.57471097850338
347,21,0.882557,BiPolarSlopeOne,0.824480467468522,0.242048648237311,4.00733318523247,4.57471097850338
348,21,1.52625863076923,Random,0.824480467468522,0.242048648237311,4.00733318523247,4.57471097850338
349,21,0.7465392,GlobalAverage,0.824480467468522,0.242048648237311,4.00733318523247,4.57471097850338
350,21,0.690250123076923,SigmoidSVDPlusPlus,0.824480467468522,0.242048648237311,4.00733318523247,4.57471097850338
351,21,0.656887169230769,LatentFeatureLogLinearModel,0.824480467468522,0.242048648237311,4.00733318523247,4.57471097850338
352,21,2.46153846153846,Constant,0.824480467468522,0.242048648237311,4.00733318523247,4.57471097850338
353,21,0.681898876923077,ItemAverage,0.824480467468522,0.242048648237311,4.00733318523247,4.57471097850338
354,21,0.687950738461539,TimeAwareBaseline,0.824480467468522,0.242048648237311,4.00733318523247,4.57471097850338
355,21,0.687358953846154,UserItemBaseline,0.824480467468522,0.242048648237311,4.00733318523247,4.57471097850338
356,21,0.558236769230769,MatrixFactorization,0.824480467468522,0.242048648237311,4.00733318523247,4.57471097850338
357,21,0.583036107692307,BiasedMatrixFactorization,0.824480467468522,0.242048648237311,4.00733318523247,4.57471097850338
358,22,0.614249433962264,TimeAwareBaselineWithFrequencies,0.841360237745522,0.26700293136241,3.76120011569356,4.36944785246702
359,22,0.688206641509434,GlobalAverage,0.841360237745522,0.26700293136241,3.76120011569356,4.36944785246702
360,22,0.632826566037736,BiPolarSlopeOne,0.841360237745522,0.26700293136241,3.76120011569356,4.36944785246702
361,22,1.57814969056604,Random,0.841360237745522,0.26700293136241,3.76120011569356,4.36944785246702
362,22,0.687126830188679,UserAverage,0.841360237745522,0.26700293136241,3.76120011569356,4.36944785246702
363,22,0.637413037735849,SigmoidSVDPlusPlus,0.841360237745522,0.26700293136241,3.76120011569356,4.36944785246702
364,22,0.61130420754717,FactorWiseMatrixFactorization,0.841360237745522,0.26700293136241,3.76120011569356,4.36944785246702
365,22,0.613047849056604,LatentFeatureLogLinearModel,0.841360237745522,0.26700293136241,3.76120011569356,4.36944785246702
366,22,0.576842433962264,BiasedMatrixFactorization,0.841360237745522,0.26700293136241,3.76120011569356,4.36944785246702
367,22,0.611663603773585,TimeAwareBaseline,0.841360237745522,0.26700293136241,3.76120011569356,4.36944785246702
368,22,0.619967943396226,SlopeOne,0.841360237745522,0.26700293136241,3.76120011569356,4.36944785246702
369,22,0.592596056603774,CoClustering,0.841360237745522,0.26700293136241,3.76120011569356,4.36944785246702
370,22,0.618551094339623,UserItemBaseline,0.841360237745522,0.26700293136241,3.76120011569356,4.36944785246702
371,22,2.58490566037736,Constant,0.841360237745522,0.26700293136241,3.76120011569356,4.36944785246702
372,22,1.41509433962264,Constant5,0.841360237745522,0.26700293136241,3.76120011569356,4.36944785246702
373,22,0.623144132075471,ItemAverage,0.841360237745522,0.26700293136241,3.76120011569356,4.36944785246702
374,22,0.608044396226415,MatrixFactorization,0.841360237745522,0.26700293136241,3.76120011569356,4.36944785246702
375,23,1.5602871575,Random,1.12982420413108,0.212602420560613,3.52636052461616,4.11087386417331
376,23,0.775770575,CoClustering,1.12982420413108,0.212602420560613,3.52636052461616,4.11087386417331
377,23,0.7184089,BiasedMatrixFactorization,1.12982420413108,0.212602420560613,3.52636052461616,4.11087386417331
378,23,0.82674105,SigmoidSVDPlusPlus,1.12982420413108,0.212602420560613,3.52636052461616,4.11087386417331
379,23,0.742383325,LatentFeatureLogLinearModel,1.12982420413108,0.212602420560613,3.52636052461616,4.11087386417331
380,23,0.792047375,UserItemBaseline,1.12982420413108,0.212602420560613,3.52636052461616,4.11087386417331
381,23,0.837178275,TimeAwareBaseline,1.12982420413108,0.212602420560613,3.52636052461616,4.11087386417331
382,23,0.770603475,BiPolarSlopeOne,1.12982420413108,0.212602420560613,3.52636052461616,4.11087386417331
383,23,0.869331175,ItemAverage,1.12982420413108,0.212602420560613,3.52636052461616,4.11087386417331
384,23,1.137476,GlobalAverage,1.12982420413108,0.212602420560613,3.52636052461616,4.11087386417331
385,23,2.95,Constant,1.12982420413108,0.212602420560613,3.52636052461616,4.11087386417331
386,23,0.81042735,TimeAwareBaselineWithFrequencies,1.12982420413108,0.212602420560613,3.52636052461616,4.11087386417331
387,23,0.753829925,SlopeOne,1.12982420413108,0.212602420560613,3.52636052461616,4.11087386417331
388,23,0.770171825,FactorWiseMatrixFactorization,1.12982420413108,0.212602420560613,3.52636052461616,4.11087386417331
389,23,0.699781325,MatrixFactorization,1.12982420413108,0.212602420560613,3.52636052461616,4.11087386417331
390,23,1.05,Constant5,1.12982420413108,0.212602420560613,3.52636052461616,4.11087386417331
391,23,0.940983499999999,UserAverage,1.12982420413108,0.212602420560613,3.52636052461616,4.11087386417331
392,24,0.797726910891089,CoClustering,1.07294137761118,0.182902861786241,5.28826703069454,5.71373280550937
393,24,1.45770678811881,Random,1.07294137761118,0.182902861786241,5.28826703069454,5.71373280550937
394,24,0.70977646039604,BiasedMatrixFactorization,1.07294137761118,0.182902861786241,5.28826703069454,5.71373280550937
395,24,0.774377579207921,UserItemBaseline,1.07294137761118,0.182902861786241,5.28826703069454,5.71373280550937
396,24,0.756017608910891,SigmoidSVDPlusPlus,1.07294137761118,0.182902861786241,5.28826703069454,5.71373280550937
397,24,0.902230099009901,GlobalAverage,1.07294137761118,0.182902861786241,5.28826703069454,5.71373280550937
398,24,0.780501891089109,TimeAwareBaselineWithFrequencies,1.07294137761118,0.182902861786241,5.28826703069454,5.71373280550937
399,24,0.718536148514852,MatrixFactorization,1.07294137761118,0.182902861786241,5.28826703069454,5.71373280550937
400,24,0.784757896039604,TimeAwareBaseline,1.07294137761118,0.182902861786241,5.28826703069454,5.71373280550937
401,24,0.760661376237624,LatentFeatureLogLinearModel,1.07294137761118,0.182902861786241,5.28826703069454,5.71373280550937
402,24,0.713045584158416,FactorWiseMatrixFactorization,1.07294137761118,0.182902861786241,5.28826703069454,5.71373280550937
403,24,2.32178217821782,Constant,1.07294137761118,0.182902861786241,5.28826703069454,5.71373280550937
404,24,0.892902673267327,UserAverage,1.07294137761118,0.182902861786241,5.28826703069454,5.71373280550937
405,24,0.757943975247525,SlopeOne,1.07294137761118,0.182902861786241,5.28826703069454,5.71373280550937
406,24,0.770796341584158,BiPolarSlopeOne,1.07294137761118,0.182902861786241,5.28826703069454,5.71373280550937
407,24,0.772291128712872,ItemAverage,1.07294137761118,0.182902861786241,5.28826703069454,5.71373280550937
408,24,1.67821782178218,Constant5,1.07294137761118,0.182902861786241,5.28826703069454,5.71373280550937
409,25,0.604189208333333,BiasedMatrixFactorization,0.658844960757931,0.387746569915343,4.27666611901606,4.27666611901606
410,25,0.6619880625,CoClustering,0.658844960757931,0.387746569915343,4.27666611901606,4.27666611901606
411,25,0.6339628125,SigmoidSVDPlusPlus,0.658844960757931,0.387746569915343,4.27666611901606,4.27666611901606
412,25,0.608857145833333,LatentFeatureLogLinearModel,0.658844960757931,0.387746569915343,4.27666611901606,4.27666611901606
413,25,0.598439,TimeAwareBaselineWithFrequencies,0.658844960757931,0.387746569915343,4.27666611901606,4.27666611901606
414,25,0.606666541666667,TimeAwareBaseline,0.658844960757931,0.387746569915343,4.27666611901606,4.27666611901606
415,25,0.592706333333333,GlobalAverage,0.658844960757931,0.387746569915343,4.27666611901606,4.27666611901606
416,25,2.57291666666667,Constant,0.658844960757931,0.387746569915343,4.27666611901606,4.27666611901606
417,25,0.622595229166667,UserItemBaseline,0.658844960757931,0.387746569915343,4.27666611901606,4.27666611901606
418,25,0.544553708333333,MatrixFactorization,0.658844960757931,0.387746569915343,4.27666611901606,4.27666611901606
419,25,0.57881125,FactorWiseMatrixFactorization,0.658844960757931,0.387746569915343,4.27666611901606,4.27666611901606
420,25,0.600016041666667,BiPolarSlopeOne,0.658844960757931,0.387746569915343,4.27666611901606,4.27666611901606
421,25,0.6267455,ItemAverage,0.658844960757931,0.387746569915343,4.27666611901606,4.27666611901606
422,25,0.58738425,UserAverage,0.658844960757931,0.387746569915343,4.27666611901606,4.27666611901606
423,25,0.636291145833333,SlopeOne,0.658844960757931,0.387746569915343,4.27666611901606,4.27666611901606
424,25,1.42708333333333,Constant5,0.658844960757931,0.387746569915343,4.27666611901606,4.27666611901606
425,25,1.57671411875,Random,0.658844960757931,0.387746569915343,4.27666611901606,4.27666611901606
426,26,0.450733958333333,LatentFeatureLogLinearModel,0.843274042711568,0.406647483214479,2.70805020110221,3.58351893845611
427,26,0.587057375,CoClustering,0.843274042711568,0.406647483214479,2.70805020110221,3.58351893845611
428,26,0.75,GlobalAverage,0.843274042711568,0.406647483214479,2.70805020110221,3.58351893845611
429,26,0.453560791666667,FactorWiseMatrixFactorization,0.843274042711568,0.406647483214479,2.70805020110221,3.58351893845611
430,26,0.503196583333333,SlopeOne,0.843274042711568,0.406647483214479,2.70805020110221,3.58351893845611
431,26,0.502878041666666,UserItemBaseline,0.843274042711568,0.406647483214479,2.70805020110221,3.58351893845611
432,26,0.493686291666666,TimeAwareBaseline,0.843274042711568,0.406647483214479,2.70805020110221,3.58351893845611
433,26,0.474354208333333,BiasedMatrixFactorization,0.843274042711568,0.406647483214479,2.70805020110221,3.58351893845611
434,26,2.58333333333333,Constant,0.843274042711568,0.406647483214479,2.70805020110221,3.58351893845611
435,26,0.75,UserAverage,0.843274042711568,0.406647483214479,2.70805020110221,3.58351893845611
436,26,0.510361666666667,TimeAwareBaselineWithFrequencies,0.843274042711568,0.406647483214479,2.70805020110221,3.58351893845611
437,26,0.508244416666667,SigmoidSVDPlusPlus,0.843274042711568,0.406647483214479,2.70805020110221,3.58351893845611
438,26,1.61451387916667,Random,0.843274042711568,0.406647483214479,2.70805020110221,3.58351893845611
439,26,1.41666666666667,Constant5,0.843274042711568,0.406647483214479,2.70805020110221,3.58351893845611
440,26,0.489435875,MatrixFactorization,0.843274042711568,0.406647483214479,2.70805020110221,3.58351893845611
441,26,0.511733833333333,BiPolarSlopeOne,0.843274042711568,0.406647483214479,2.70805020110221,3.58351893845611
442,26,0.510580083333333,ItemAverage,0.843274042711568,0.406647483214479,2.70805020110221,3.58351893845611
443,27,0.841647111111111,GlobalAverage,0.814128293359702,0.225241598593892,3.71357206670431,3.71357206670431
444,27,0.62495462962963,FactorWiseMatrixFactorization,0.814128293359702,0.225241598593892,3.71357206670431,3.71357206670431
445,27,0.745219222222222,SlopeOne,0.814128293359702,0.225241598593892,3.71357206670431,3.71357206670431
446,27,0.702104481481481,TimeAwareBaseline,0.814128293359702,0.225241598593892,3.71357206670431,3.71357206670431
447,27,0.642592185185185,BiasedMatrixFactorization,0.814128293359702,0.225241598593892,3.71357206670431,3.71357206670431
448,27,1.69434849259259,Random,0.814128293359702,0.225241598593892,3.71357206670431,3.71357206670431
449,27,0.707612851851852,TimeAwareBaselineWithFrequencies,0.814128293359702,0.225241598593892,3.71357206670431,3.71357206670431
450,27,2.7962962962963,Constant,0.814128293359702,0.225241598593892,3.71357206670431,3.71357206670431
451,27,0.686067518518519,SigmoidSVDPlusPlus,0.814128293359702,0.225241598593892,3.71357206670431,3.71357206670431
452,27,0.727453777777778,CoClustering,0.814128293359702,0.225241598593892,3.71357206670431,3.71357206670431
453,27,0.712736481481481,UserItemBaseline,0.814128293359702,0.225241598593892,3.71357206670431,3.71357206670431
454,27,0.64522262962963,MatrixFactorization,0.814128293359702,0.225241598593892,3.71357206670431,3.71357206670431
455,27,0.700848481481481,BiPolarSlopeOne,0.814128293359702,0.225241598593892,3.71357206670431,3.71357206670431
456,27,0.721098888888889,LatentFeatureLogLinearModel,0.814128293359702,0.225241598593892,3.71357206670431,3.71357206670431
457,27,1.2037037037037,Constant5,0.814128293359702,0.225241598593892,3.71357206670431,3.71357206670431
458,27,0.702800222222222,UserAverage,0.814128293359702,0.225241598593892,3.71357206670431,3.71357206670431
459,27,0.744375592592593,ItemAverage,0.814128293359702,0.225241598593892,3.71357206670431,3.71357206670431
460,28,0.573224916666667,SigmoidSVDPlusPlus,1.26120707056922,0.461277301849645,2.63905732961526,2.94443897916644
461,28,0.970231,BiasedMatrixFactorization,1.26120707056922,0.461277301849645,2.63905732961526,2.94443897916644
462,28,0.762943166666667,SlopeOne,1.26120707056922,0.461277301849645,2.63905732961526,2.94443897916644
463,28,0.67383975,TimeAwareBaselineWithFrequencies,1.26120707056922,0.461277301849645,2.63905732961526,2.94443897916644
464,28,0.700599666666667,BiPolarSlopeOne,1.26120707056922,0.461277301849645,2.63905732961526,2.94443897916644
465,28,0.64569,LatentFeatureLogLinearModel,1.26120707056922,0.461277301849645,2.63905732961526,2.94443897916644
466,28,1.24726683333333,Random,1.26120707056922,0.461277301849645,2.63905732961526,2.94443897916644
467,28,0.626667666666667,UserItemBaseline,1.26120707056922,0.461277301849645,2.63905732961526,2.94443897916644
468,28,2,Constant,1.26120707056922,0.461277301849645,2.63905732961526,2.94443897916644
469,28,0.929190666666667,GlobalAverage,1.26120707056922,0.461277301849645,2.63905732961526,2.94443897916644
470,28,0.616789083333334,TimeAwareBaseline,1.26120707056922,0.461277301849645,2.63905732961526,2.94443897916644
471,28,0.816986333333333,CoClustering,1.26120707056922,0.461277301849645,2.63905732961526,2.94443897916644
472,28,0.799327583333333,FactorWiseMatrixFactorization,1.26120707056922,0.461277301849645,2.63905732961526,2.94443897916644
473,28,0.7213615,ItemAverage,1.26120707056922,0.461277301849645,2.63905732961526,2.94443897916644
474,28,0.877193166666667,UserAverage,1.26120707056922,0.461277301849645,2.63905732961526,2.94443897916644
475,28,2,Constant5,1.26120707056922,0.461277301849645,2.63905732961526,2.94443897916644
476,28,0.809002666666667,MatrixFactorization,1.26120707056922,0.461277301849645,2.63905732961526,2.94443897916644
477,29,0.512726971428571,FactorWiseMatrixFactorization,0.742558167771864,0.273028758654389,4.15888308335967,4.66343909411207
478,29,0.5921552,GlobalAverage,0.742558167771864,0.273028758654389,4.15888308335967,4.66343909411207
479,29,0.485869557142857,LatentFeatureLogLinearModel,0.742558167771864,0.273028758654389,4.15888308335967,4.66343909411207
480,29,0.552042571428571,BiasedMatrixFactorization,0.742558167771864,0.273028758654389,4.15888308335967,4.66343909411207
481,29,1.62857142857143,Constant5,0.742558167771864,0.273028758654389,4.15888308335967,4.66343909411207
482,29,0.490920571428572,SlopeOne,0.742558167771864,0.273028758654389,4.15888308335967,4.66343909411207
483,29,0.512606871428572,TimeAwareBaselineWithFrequencies,0.742558167771864,0.273028758654389,4.15888308335967,4.66343909411207
484,29,0.491662342857143,BiPolarSlopeOne,0.742558167771864,0.273028758654389,4.15888308335967,4.66343909411207
485,29,1.48101414571429,Random,0.742558167771864,0.273028758654389,4.15888308335967,4.66343909411207
486,29,0.522659928571428,ItemAverage,0.742558167771864,0.273028758654389,4.15888308335967,4.66343909411207
487,29,0.497994628571429,UserItemBaseline,0.742558167771864,0.273028758654389,4.15888308335967,4.66343909411207
488,29,2.37142857142857,Constant,0.742558167771864,0.273028758654389,4.15888308335967,4.66343909411207
489,29,0.485151142857143,CoClustering,0.742558167771864,0.273028758654389,4.15888308335967,4.66343909411207
490,29,0.485050628571429,SigmoidSVDPlusPlus,0.742558167771864,0.273028758654389,4.15888308335967,4.66343909411207
491,29,0.507502885714286,TimeAwareBaseline,0.742558167771864,0.273028758654389,4.15888308335967,4.66343909411207
492,29,0.515994328571428,MatrixFactorization,0.742558167771864,0.273028758654389,4.15888308335967,4.66343909411207
493,29,0.605121371428571,UserAverage,0.742558167771864,0.273028758654389,4.15888308335967,4.66343909411207
494,30,0.92276875,BiPolarSlopeOne,1.27058218347627,0.211365500368378,2.89037175789616,2.89037175789616
495,30,0.819444666666667,UserAverage,1.27058218347627,0.211365500368378,2.89037175789616,2.89037175789616
496,30,1.591857975,Random,1.27058218347627,0.211365500368378,2.89037175789616,2.89037175789616
497,30,1.03620758333333,FactorWiseMatrixFactorization,1.27058218347627,0.211365500368378,2.89037175789616,2.89037175789616
498,30,1.06254,GlobalAverage,1.27058218347627,0.211365500368378,2.89037175789616,2.89037175789616
499,30,0.902362916666667,BiasedMatrixFactorization,1.27058218347627,0.211365500368378,2.89037175789616,2.89037175789616
500,30,1.03557236666667,LatentFeatureLogLinearModel,1.27058218347627,0.211365500368378,2.89037175789616,2.89037175789616
501,30,1.00258058333333,MatrixFactorization,1.27058218347627,0.211365500368378,2.89037175789616,2.89037175789616
502,30,1.00093816666667,ItemAverage,1.27058218347627,0.211365500368378,2.89037175789616,2.89037175789616
503,30,0.8208215,SlopeOne,1.27058218347627,0.211365500368378,2.89037175789616,2.89037175789616
504,30,0.9194295,UserItemBaseline,1.27058218347627,0.211365500368378,2.89037175789616,2.89037175789616
505,30,1.06300566666667,SigmoidSVDPlusPlus,1.27058218347627,0.211365500368378,2.89037175789616,2.89037175789616
506,30,0.94266575,TimeAwareBaseline,1.27058218347627,0.211365500368378,2.89037175789616,2.89037175789616
507,30,0.905299583333333,TimeAwareBaselineWithFrequencies,1.27058218347627,0.211365500368378,2.89037175789616,2.89037175789616
508,30,0.868763916666667,CoClustering,1.27058218347627,0.211365500368378,2.89037175789616,2.89037175789616
509,30,2.375,Constant5,1.27058218347627,0.211365500368378,2.89037175789616,2.89037175789616
510,30,1.625,Constant,1.27058218347627,0.211365500368378,2.89037175789616,2.89037175789616
511,31,0.939703182653061,FactorWiseMatrixFactorization,1.46667227911262,0.114100688442523,4.99043258677874,4.99043258677874
512,31,1.62044160408163,Random,1.46667227911262,0.114100688442523,4.99043258677874,4.99043258677874
513,31,1.36457169387755,UserItemBaseline,1.46667227911262,0.114100688442523,4.99043258677874,4.99043258677874
514,31,0.89724822244898,MatrixFactorization,1.46667227911262,0.114100688442523,4.99043258677874,4.99043258677874
515,31,1.39312703061224,TimeAwareBaseline,1.46667227911262,0.114100688442523,4.99043258677874,4.99043258677874
516,31,1.3903012244898,GlobalAverage,1.46667227911262,0.114100688442523,4.99043258677874,4.99043258677874
517,31,1.35643045918367,SlopeOne,1.46667227911262,0.114100688442523,4.99043258677874,4.99043258677874
518,31,0.854479628571428,BiasedMatrixFactorization,1.46667227911262,0.114100688442523,4.99043258677874,4.99043258677874
519,31,1.29431294897959,SigmoidSVDPlusPlus,1.46667227911262,0.114100688442523,4.99043258677874,4.99043258677874
520,31,1.38878631632653,TimeAwareBaselineWithFrequencies,1.46667227911262,0.114100688442523,4.99043258677874,4.99043258677874
521,31,2.33163265306122,Constant,1.46667227911262,0.114100688442523,4.99043258677874,4.99043258677874
522,31,1.34321144285714,LatentFeatureLogLinearModel,1.46667227911262,0.114100688442523,4.99043258677874,4.99043258677874
523,31,1.32905703061224,CoClustering,1.46667227911262,0.114100688442523,4.99043258677874,4.99043258677874
524,31,1.3163633877551,BiPolarSlopeOne,1.46667227911262,0.114100688442523,4.99043258677874,4.99043258677874
525,31,1.38730387755102,UserAverage,1.46667227911262,0.114100688442523,4.99043258677874,4.99043258677874
526,31,1.37634979591837,ItemAverage,1.46667227911262,0.114100688442523,4.99043258677874,4.99043258677874
527,31,1.86224489795918,Constant5,1.46667227911262,0.114100688442523,4.99043258677874,4.99043258677874
528,32,0.585335517241379,BiasedMatrixFactorization,0.631404067412869,0.403139374859979,3.49650756146648,3.76120011569356
529,32,0.645704551724138,GlobalAverage,0.631404067412869,0.403139374859979,3.49650756146648,3.76120011569356
530,32,0.578720344827586,SlopeOne,0.631404067412869,0.403139374859979,3.49650756146648,3.76120011569356
531,32,0.584791517241379,FactorWiseMatrixFactorization,0.631404067412869,0.403139374859979,3.49650756146648,3.76120011569356
532,32,0.576576068965517,UserItemBaseline,0.631404067412869,0.403139374859979,3.49650756146648,3.76120011569356
533,32,0.593124448275862,MatrixFactorization,0.631404067412869,0.403139374859979,3.49650756146648,3.76120011569356
534,32,2.41379310344828,Constant,0.631404067412869,0.403139374859979,3.49650756146648,3.76120011569356
535,32,0.571138965517241,LatentFeatureLogLinearModel,0.631404067412869,0.403139374859979,3.49650756146648,3.76120011569356
536,32,0.59182524137931,CoClustering,0.631404067412869,0.403139374859979,3.49650756146648,3.76120011569356
537,32,0.576834137931035,TimeAwareBaselineWithFrequencies,0.631404067412869,0.403139374859979,3.49650756146648,3.76120011569356
538,32,1.4083855137931,Random,0.631404067412869,0.403139374859979,3.49650756146648,3.76120011569356
539,32,0.591304586206897,ItemAverage,0.631404067412869,0.403139374859979,3.49650756146648,3.76120011569356
540,32,1.58620689655172,Constant5,0.631404067412869,0.403139374859979,3.49650756146648,3.76120011569356
541,32,0.602276965517241,BiPolarSlopeOne,0.631404067412869,0.403139374859979,3.49650756146648,3.76120011569356
542,32,0.586857724137931,TimeAwareBaseline,0.631404067412869,0.403139374859979,3.49650756146648,3.76120011569356
543,32,0.634322344827586,UserAverage,0.631404067412869,0.403139374859979,3.49650756146648,3.76120011569356
544,32,0.588626793103448,SigmoidSVDPlusPlus,0.631404067412869,0.403139374859979,3.49650756146648,3.76120011569356
545,33,1.16288847368421,CoClustering,1.47000664632167,0.152733641936695,2.70805020110221,3.40119738166216
546,33,1.18144063157895,TimeAwareBaselineWithFrequencies,1.47000664632167,0.152733641936695,2.70805020110221,3.40119738166216
547,33,1.02446526315789,BiasedMatrixFactorization,1.47000664632167,0.152733641936695,2.70805020110221,3.40119738166216
548,33,1.16394036842105,UserItemBaseline,1.47000664632167,0.152733641936695,2.70805020110221,3.40119738166216
549,33,1.054806,LatentFeatureLogLinearModel,1.47000664632167,0.152733641936695,2.70805020110221,3.40119738166216
550,33,1.78947368421053,Constant5,1.47000664632167,0.152733641936695,2.70805020110221,3.40119738166216
551,33,1.08925773684211,MatrixFactorization,1.47000664632167,0.152733641936695,2.70805020110221,3.40119738166216
552,33,1.45614036842105,UserAverage,1.47000664632167,0.152733641936695,2.70805020110221,3.40119738166216
553,33,2.21052631578947,Constant,1.47000664632167,0.152733641936695,2.70805020110221,3.40119738166216
554,33,1.44605010526316,GlobalAverage,1.47000664632167,0.152733641936695,2.70805020110221,3.40119738166216
555,33,1.02631968421053,BiPolarSlopeOne,1.47000664632167,0.152733641936695,2.70805020110221,3.40119738166216
556,33,1.15677021052632,ItemAverage,1.47000664632167,0.152733641936695,2.70805020110221,3.40119738166216
557,33,1.08515642105263,FactorWiseMatrixFactorization,1.47000664632167,0.152733641936695,2.70805020110221,3.40119738166216
558,33,1.63415852631579,Random,1.47000664632167,0.152733641936695,2.70805020110221,3.40119738166216
559,33,1.09480247368421,SlopeOne,1.47000664632167,0.152733641936695,2.70805020110221,3.40119738166216
560,33,1.17709484210526,TimeAwareBaseline,1.47000664632167,0.152733641936695,2.70805020110221,3.40119738166216
561,33,1.20220494736842,SigmoidSVDPlusPlus,1.47000664632167,0.152733641936695,2.70805020110221,3.40119738166216
562,34,0.551755675675676,FactorWiseMatrixFactorization,0.831614388753881,0.370474164894282,3.71357206670431,4.00733318523247
563,34,0.762823567567567,GlobalAverage,0.831614388753881,0.370474164894282,3.71357206670431,4.00733318523247
564,34,0.581174972972973,MatrixFactorization,0.831614388753881,0.370474164894282,3.71357206670431,4.00733318523247
565,34,0.573417405405406,CoClustering,0.831614388753881,0.370474164894282,3.71357206670431,4.00733318523247
566,34,0.56618272972973,SigmoidSVDPlusPlus,0.831614388753881,0.370474164894282,3.71357206670431,4.00733318523247
567,34,0.654054081081081,UserAverage,0.831614388753881,0.370474164894282,3.71357206670431,4.00733318523247
568,34,1.36476888918919,Random,0.831614388753881,0.370474164894282,3.71357206670431,4.00733318523247
569,34,0.581670810810811,BiPolarSlopeOne,0.831614388753881,0.370474164894282,3.71357206670431,4.00733318523247
570,34,1.18918918918919,Constant5,0.831614388753881,0.370474164894282,3.71357206670431,4.00733318523247
571,34,0.530614189189189,BiasedMatrixFactorization,0.831614388753881,0.370474164894282,3.71357206670431,4.00733318523247
572,34,0.57608245945946,SlopeOne,0.831614388753881,0.370474164894282,3.71357206670431,4.00733318523247
573,34,0.583883054054054,UserItemBaseline,0.831614388753881,0.370474164894282,3.71357206670431,4.00733318523247
574,34,0.598625567567568,TimeAwareBaselineWithFrequencies,0.831614388753881,0.370474164894282,3.71357206670431,4.00733318523247
575,34,0.574144351351351,LatentFeatureLogLinearModel,0.831614388753881,0.370474164894282,3.71357206670431,4.00733318523247
576,34,0.716141972972973,ItemAverage,0.831614388753881,0.370474164894282,3.71357206670431,4.00733318523247
577,34,0.586040621621622,TimeAwareBaseline,0.831614388753881,0.370474164894282,3.71357206670431,4.00733318523247
578,34,2.81081081081081,Constant,0.831614388753881,0.370474164894282,3.71357206670431,4.00733318523247
579,35,1.58734605714286,Random,0.742657347072407,0.211134315175351,4.76217393479776,4.76217393479776
580,35,0.625485597402597,UserAverage,0.742657347072407,0.211134315175351,4.76217393479776,4.76217393479776
581,35,0.54800564935065,SlopeOne,0.742657347072407,0.211134315175351,4.76217393479776,4.76217393479776
582,35,0.524830610389611,FactorWiseMatrixFactorization,0.742657347072407,0.211134315175351,4.76217393479776,4.76217393479776
583,35,0.585709116883117,TimeAwareBaseline,0.742657347072407,0.211134315175351,4.76217393479776,4.76217393479776
584,35,0.493481298701299,BiasedMatrixFactorization,0.742657347072407,0.211134315175351,4.76217393479776,4.76217393479776
585,35,0.549090896103896,SigmoidSVDPlusPlus,0.742657347072407,0.211134315175351,4.76217393479776,4.76217393479776
586,35,0.535285,BiPolarSlopeOne,0.742657347072407,0.211134315175351,4.76217393479776,4.76217393479776
587,35,0.545366181818182,CoClustering,0.742657347072407,0.211134315175351,4.76217393479776,4.76217393479776
588,35,0.553591974025974,UserItemBaseline,0.742657347072407,0.211134315175351,4.76217393479776,4.76217393479776
589,35,0.934064103896104,GlobalAverage,0.742657347072407,0.211134315175351,4.76217393479776,4.76217393479776
590,35,0.824675324675325,Constant5,0.742657347072407,0.211134315175351,4.76217393479776,4.76217393479776
591,35,3.17532467532468,Constant,0.742657347072407,0.211134315175351,4.76217393479776,4.76217393479776
592,35,0.563094675324675,LatentFeatureLogLinearModel,0.742657347072407,0.211134315175351,4.76217393479776,4.76217393479776
593,35,0.506445181818182,MatrixFactorization,0.742657347072407,0.211134315175351,4.76217393479776,4.76217393479776
594,35,0.783453428571429,ItemAverage,0.742657347072407,0.211134315175351,4.76217393479776,4.76217393479776
595,35,0.557351,TimeAwareBaselineWithFrequencies,0.742657347072407,0.211134315175351,4.76217393479776,4.76217393479776
596,36,0.665718142857143,BiPolarSlopeOne,0.701729465267237,0.176769256432712,2.484906649788,2.484906649788
597,36,0.486210714285714,BiasedMatrixFactorization,0.701729465267237,0.176769256432712,2.484906649788,2.484906649788
598,36,0.753731571428571,TimeAwareBaselineWithFrequencies,0.701729465267237,0.176769256432712,2.484906649788,2.484906649788
599,36,0.810762285714286,GlobalAverage,0.701729465267237,0.176769256432712,2.484906649788,2.484906649788
600,36,0.576308428571429,FactorWiseMatrixFactorization,0.701729465267237,0.176769256432712,2.484906649788,2.484906649788
601,36,1.71428571428571,Constant,0.701729465267237,0.176769256432712,2.484906649788,2.484906649788
602,36,0.775429714285714,UserItemBaseline,0.701729465267237,0.176769256432712,2.484906649788,2.484906649788
603,36,0.781773714285714,LatentFeatureLogLinearModel,0.701729465267237,0.176769256432712,2.484906649788,2.484906649788
604,36,2.28571428571429,Constant5,0.701729465267237,0.176769256432712,2.484906649788,2.484906649788
605,36,1.48053895714286,Random,0.701729465267237,0.176769256432712,2.484906649788,2.484906649788
606,36,0.586440857142857,CoClustering,0.701729465267237,0.176769256432712,2.484906649788,2.484906649788
607,36,0.726190428571429,UserAverage,0.701729465267237,0.176769256432712,2.484906649788,2.484906649788
608,36,0.813942857142857,ItemAverage,0.701729465267237,0.176769256432712,2.484906649788,2.484906649788
609,36,0.874011857142857,SigmoidSVDPlusPlus,0.701729465267237,0.176769256432712,2.484906649788,2.484906649788
610,36,0.705995428571429,SlopeOne,0.701729465267237,0.176769256432712,2.484906649788,2.484906649788
611,36,0.507497285714286,MatrixFactorization,0.701729465267237,0.176769256432712,2.484906649788,2.484906649788
612,36,0.775533428571429,TimeAwareBaseline,0.701729465267237,0.176769256432712,2.484906649788,2.484906649788
613,37,0.782136,GlobalAverage,1.05528970602217,0.133008048709287,2.07944154167984,2.484906649788
614,37,0.669331571428572,SigmoidSVDPlusPlus,1.05528970602217,0.133008048709287,2.07944154167984,2.484906649788
615,37,0.571252857142857,UserItemBaseline,1.05528970602217,0.133008048709287,2.07944154167984,2.484906649788
616,37,0.448325142857143,BiasedMatrixFactorization,1.05528970602217,0.133008048709287,2.07944154167984,2.484906649788
617,37,1.42857142857143,Constant5,1.05528970602217,0.133008048709287,2.07944154167984,2.484906649788
618,37,0.945975571428571,Random,1.05528970602217,0.133008048709287,2.07944154167984,2.484906649788
619,37,0.572002428571428,SlopeOne,1.05528970602217,0.133008048709287,2.07944154167984,2.484906649788
620,37,0.485507714285714,FactorWiseMatrixFactorization,1.05528970602217,0.133008048709287,2.07944154167984,2.484906649788
621,37,0.821428571428571,UserAverage,1.05528970602217,0.133008048709287,2.07944154167984,2.484906649788
622,37,0.574993714285714,TimeAwareBaselineWithFrequencies,1.05528970602217,0.133008048709287,2.07944154167984,2.484906649788
623,37,0.480928142857143,MatrixFactorization,1.05528970602217,0.133008048709287,2.07944154167984,2.484906649788
624,37,0.597058571428572,LatentFeatureLogLinearModel,1.05528970602217,0.133008048709287,2.07944154167984,2.484906649788
625,37,0.568827285714286,TimeAwareBaseline,1.05528970602217,0.133008048709287,2.07944154167984,2.484906649788
626,37,0.574517285714286,ItemAverage,1.05528970602217,0.133008048709287,2.07944154167984,2.484906649788
627,37,0.708828714285714,CoClustering,1.05528970602217,0.133008048709287,2.07944154167984,2.484906649788
628,37,0.571509,BiPolarSlopeOne,1.05528970602217,0.133008048709287,2.07944154167984,2.484906649788
629,37,2.57142857142857,Constant,1.05528970602217,0.133008048709287,2.07944154167984,2.484906649788
630,38,1.12224682758621,BiPolarSlopeOne,1.16933149800212,0.352653458139508,3.58351893845611,3.78418963391826
631,38,1.09052551724138,GlobalAverage,1.16933149800212,0.352653458139508,3.58351893845611,3.78418963391826
632,38,2.37931034482759,Constant,1.16933149800212,0.352653458139508,3.58351893845611,3.78418963391826
633,38,1.02673489655172,BiasedMatrixFactorization,1.16933149800212,0.352653458139508,3.58351893845611,3.78418963391826
634,38,1.109865,TimeAwareBaseline,1.16933149800212,0.352653458139508,3.58351893845611,3.78418963391826
635,38,1.1086814137931,TimeAwareBaselineWithFrequencies,1.16933149800212,0.352653458139508,3.58351893845611,3.78418963391826
636,38,1.08590593103448,CoClustering,1.16933149800212,0.352653458139508,3.58351893845611,3.78418963391826
637,38,1.10548120689655,SlopeOne,1.16933149800212,0.352653458139508,3.58351893845611,3.78418963391826
638,38,1.09715451724138,MatrixFactorization,1.16933149800212,0.352653458139508,3.58351893845611,3.78418963391826
639,38,1.00322934482759,FactorWiseMatrixFactorization,1.16933149800212,0.352653458139508,3.58351893845611,3.78418963391826
640,38,1.09318531034483,UserItemBaseline,1.16933149800212,0.352653458139508,3.58351893845611,3.78418963391826
641,38,1.09447186206897,SigmoidSVDPlusPlus,1.16933149800212,0.352653458139508,3.58351893845611,3.78418963391826
642,38,1.08905924137931,ItemAverage,1.16933149800212,0.352653458139508,3.58351893845611,3.78418963391826
643,38,1.8383966,Random,1.16933149800212,0.352653458139508,3.58351893845611,3.78418963391826
644,38,1.62068965517241,Constant5,1.16933149800212,0.352653458139508,3.58351893845611,3.78418963391826
645,38,1.07885417241379,LatentFeatureLogLinearModel,1.16933149800212,0.352653458139508,3.58351893845611,3.78418963391826
646,38,1.0979624137931,UserAverage,1.16933149800212,0.352653458139508,3.58351893845611,3.78418963391826
647,39,0.710992285714286,BiasedMatrixFactorization,0.90033663737852,0.431992576838067,1.6094379124341,2.484906649788
648,39,2.57142857142857,Constant,0.90033663737852,0.431992576838067,1.6094379124341,2.484906649788
649,39,0.612339285714286,CoClustering,0.90033663737852,0.431992576838067,1.6094379124341,2.484906649788
650,39,0.667069,FactorWiseMatrixFactorization,0.90033663737852,0.431992576838067,1.6094379124341,2.484906649788
651,39,1.17238775714286,Random,0.90033663737852,0.431992576838067,1.6094379124341,2.484906649788
652,39,0.575122857142857,SlopeOne,0.90033663737852,0.431992576838067,1.6094379124341,2.484906649788
653,39,0.559040857142857,BiPolarSlopeOne,0.90033663737852,0.431992576838067,1.6094379124341,2.484906649788
654,39,0.762135142857143,LatentFeatureLogLinearModel,0.90033663737852,0.431992576838067,1.6094379124341,2.484906649788
655,39,0.532121,SigmoidSVDPlusPlus,0.90033663737852,0.431992576838067,1.6094379124341,2.484906649788
656,39,0.621604714285714,UserItemBaseline,0.90033663737852,0.431992576838067,1.6094379124341,2.484906649788
657,39,0.496421714285714,GlobalAverage,0.90033663737852,0.431992576838067,1.6094379124341,2.484906649788
658,39,0.611728,TimeAwareBaselineWithFrequencies,0.90033663737852,0.431992576838067,1.6094379124341,2.484906649788
659,39,0.685508428571429,MatrixFactorization,0.90033663737852,0.431992576838067,1.6094379124341,2.484906649788
660,39,0.440476142857143,UserAverage,0.90033663737852,0.431992576838067,1.6094379124341,2.484906649788
661,39,0.610905428571429,TimeAwareBaseline,0.90033663737852,0.431992576838067,1.6094379124341,2.484906649788
662,39,1.42857142857143,Constant5,0.90033663737852,0.431992576838067,1.6094379124341,2.484906649788
663,39,0.665893714285714,ItemAverage,0.90033663737852,0.431992576838067,1.6094379124341,2.484906649788
664,40,0.823877379310345,TimeAwareBaselineWithFrequencies,1.27415748551578,0.215237751637334,3.58351893845611,3.76120011569356
665,40,0.832359655172414,SlopeOne,1.27415748551578,0.215237751637334,3.58351893845611,3.76120011569356
666,40,0.947412137931035,GlobalAverage,1.27415748551578,0.215237751637334,3.58351893845611,3.76120011569356
667,40,0.89564275862069,BiasedMatrixFactorization,1.27415748551578,0.215237751637334,3.58351893845611,3.76120011569356
668,40,0.849965413793104,BiPolarSlopeOne,1.27415748551578,0.215237751637334,3.58351893845611,3.76120011569356
669,40,0.795073724137931,CoClustering,1.27415748551578,0.215237751637334,3.58351893845611,3.76120011569356
670,40,2.48275862068966,Constant,1.27415748551578,0.215237751637334,3.58351893845611,3.76120011569356
671,40,0.858123724137931,FactorWiseMatrixFactorization,1.27415748551578,0.215237751637334,3.58351893845611,3.76120011569356
672,40,0.814727103448276,TimeAwareBaseline,1.27415748551578,0.215237751637334,3.58351893845611,3.76120011569356
673,40,0.85098875862069,ItemAverage,1.27415748551578,0.215237751637334,3.58351893845611,3.76120011569356
674,40,1.57257554482759,Random,1.27415748551578,0.215237751637334,3.58351893845611,3.76120011569356
675,40,0.784426896551724,LatentFeatureLogLinearModel,1.27415748551578,0.215237751637334,3.58351893845611,3.76120011569356
676,40,1.51724137931034,Constant5,1.27415748551578,0.215237751637334,3.58351893845611,3.76120011569356
677,40,0.804215896551724,UserItemBaseline,1.27415748551578,0.215237751637334,3.58351893845611,3.76120011569356
678,40,0.883040793103449,MatrixFactorization,1.27415748551578,0.215237751637334,3.58351893845611,3.76120011569356
679,40,0.956696068965517,UserAverage,1.27415748551578,0.215237751637334,3.58351893845611,3.76120011569356
680,40,0.827752793103448,SigmoidSVDPlusPlus,1.27415748551578,0.215237751637334,3.58351893845611,3.76120011569356
681,41,0.490725347826087,BiasedMatrixFactorization,0.968408553272027,0.188646494253901,3.3322045101752,3.55534806148941
682,41,3.17391304347826,Constant,0.968408553272027,0.188646494253901,3.3322045101752,3.55534806148941
683,41,0.785834086956522,GlobalAverage,0.968408553272027,0.188646494253901,3.3322045101752,3.55534806148941
684,41,0.492605565217391,TimeAwareBaselineWithFrequencies,0.968408553272027,0.188646494253901,3.3322045101752,3.55534806148941
685,41,0.504265217391304,TimeAwareBaseline,0.968408553272027,0.188646494253901,3.3322045101752,3.55534806148941
686,41,0.826086956521739,Constant5,0.968408553272027,0.188646494253901,3.3322045101752,3.55534806148941
687,41,0.575115347826087,BiPolarSlopeOne,0.968408553272027,0.188646494253901,3.3322045101752,3.55534806148941
688,41,0.474310565217391,SlopeOne,0.968408553272027,0.188646494253901,3.3322045101752,3.55534806148941
689,41,0.544763739130435,FactorWiseMatrixFactorization,0.968408553272027,0.188646494253901,3.3322045101752,3.55534806148941
690,41,1.65078165652174,Random,0.968408553272027,0.188646494253901,3.3322045101752,3.55534806148941
691,41,0.489458565217391,UserItemBaseline,0.968408553272027,0.188646494253901,3.3322045101752,3.55534806148941
692,41,0.533107217391305,ItemAverage,0.968408553272027,0.188646494253901,3.3322045101752,3.55534806148941
693,41,0.496885260869565,CoClustering,0.968408553272027,0.188646494253901,3.3322045101752,3.55534806148941
694,41,0.498948826086956,LatentFeatureLogLinearModel,0.968408553272027,0.188646494253901,3.3322045101752,3.55534806148941
695,41,0.457142913043478,UserAverage,0.968408553272027,0.188646494253901,3.3322045101752,3.55534806148941
696,41,0.553300260869565,MatrixFactorization,0.968408553272027,0.188646494253901,3.3322045101752,3.55534806148941
697,41,0.513522956521739,SigmoidSVDPlusPlus,0.968408553272027,0.188646494253901,3.3322045101752,3.55534806148941
698,42,0.49996485,TimeAwareBaselineWithFrequencies,0.90401403712019,0.247312231535927,3.40119738166216,3.40119738166216
699,42,0.50591195,TimeAwareBaseline,0.90401403712019,0.247312231535927,3.40119738166216,3.40119738166216
700,42,0.3576973,BiPolarSlopeOne,0.90401403712019,0.247312231535927,3.40119738166216,3.40119738166216
701,42,3.2,Constant,0.90401403712019,0.247312231535927,3.40119738166216,3.40119738166216
702,42,0.37529825,BiasedMatrixFactorization,0.90401403712019,0.247312231535927,3.40119738166216,3.40119738166216
703,42,0.8,Constant5,0.90401403712019,0.247312231535927,3.40119738166216,3.40119738166216
704,42,0.6824664,GlobalAverage,0.90401403712019,0.247312231535927,3.40119738166216,3.40119738166216
705,42,0.51549565,UserItemBaseline,0.90401403712019,0.247312231535927,3.40119738166216,3.40119738166216
706,42,0.38844085,FactorWiseMatrixFactorization,0.90401403712019,0.247312231535927,3.40119738166216,3.40119738166216
707,42,0.35481695,CoClustering,0.90401403712019,0.247312231535927,3.40119738166216,3.40119738166216
708,42,0.5180491,LatentFeatureLogLinearModel,0.90401403712019,0.247312231535927,3.40119738166216,3.40119738166216
709,42,0.4670076,SlopeOne,0.90401403712019,0.247312231535927,3.40119738166216,3.40119738166216
710,42,0.50920375,ItemAverage,0.90401403712019,0.247312231535927,3.40119738166216,3.40119738166216
711,42,1.85060726,Random,0.90401403712019,0.247312231535927,3.40119738166216,3.40119738166216
712,42,0.42,UserAverage,0.90401403712019,0.247312231535927,3.40119738166216,3.40119738166216
713,42,0.4047349,MatrixFactorization,0.90401403712019,0.247312231535927,3.40119738166216,3.40119738166216
714,42,0.3862315,SigmoidSVDPlusPlus,0.90401403712019,0.247312231535927,3.40119738166216,3.40119738166216
715,43,0.885299764705882,GlobalAverage,0.920685691091041,0.287329297750917,3.95124371858143,3.95124371858143
716,43,0.748773470588236,FactorWiseMatrixFactorization,0.920685691091041,0.287329297750917,3.95124371858143,3.95124371858143
717,43,1.55882352941176,Constant5,0.920685691091041,0.287329297750917,3.95124371858143,3.95124371858143
718,43,0.756966470588235,BiasedMatrixFactorization,0.920685691091041,0.287329297750917,3.95124371858143,3.95124371858143
719,43,2.5,Constant,0.920685691091041,0.287329297750917,3.95124371858143,3.95124371858143
720,43,0.840274382352941,TimeAwareBaselineWithFrequencies,0.920685691091041,0.287329297750917,3.95124371858143,3.95124371858143
721,43,1.77925257058824,Random,0.920685691091041,0.287329297750917,3.95124371858143,3.95124371858143
722,43,0.824812117647059,UserItemBaseline,0.920685691091041,0.287329297750917,3.95124371858143,3.95124371858143
723,43,0.833681352941177,TimeAwareBaseline,0.920685691091041,0.287329297750917,3.95124371858143,3.95124371858143
724,43,0.88226144117647,BiPolarSlopeOne,0.920685691091041,0.287329297750917,3.95124371858143,3.95124371858143
725,43,0.837102794117647,SigmoidSVDPlusPlus,0.920685691091041,0.287329297750917,3.95124371858143,3.95124371858143
726,43,0.942673058823529,CoClustering,0.920685691091041,0.287329297750917,3.95124371858143,3.95124371858143
727,43,0.658637352941177,MatrixFactorization,0.920685691091041,0.287329297750917,3.95124371858143,3.95124371858143
728,43,0.816873117647059,LatentFeatureLogLinearModel,0.920685691091041,0.287329297750917,3.95124371858143,3.95124371858143
729,43,0.816636352941177,ItemAverage,0.920685691091041,0.287329297750917,3.95124371858143,3.95124371858143
730,43,0.914027176470588,UserAverage,0.920685691091041,0.287329297750917,3.95124371858143,3.95124371858143
731,43,0.800064352941177,SlopeOne,0.920685691091041,0.287329297750917,3.95124371858143,3.95124371858143
732,44,0.799939,FactorWiseMatrixFactorization,0.74535599249993,0.285623604864783,2.77258872223978,2.94443897916644
733,44,1.2803079,Random,0.74535599249993,0.285623604864783,2.77258872223978,2.94443897916644
734,44,3.69230769230769,Constant,0.74535599249993,0.285623604864783,2.77258872223978,2.94443897916644
735,44,0.481600615384615,BiPolarSlopeOne,0.74535599249993,0.285623604864783,2.77258872223978,2.94443897916644
736,44,0.566594076923077,CoClustering,0.74535599249993,0.285623604864783,2.77258872223978,2.94443897916644
737,44,0.307692307692308,Constant5,0.74535599249993,0.285623604864783,2.77258872223978,2.94443897916644
738,44,0.761091538461538,TimeAwareBaseline,0.74535599249993,0.285623604864783,2.77258872223978,2.94443897916644
739,44,0.732504384615385,TimeAwareBaselineWithFrequencies,0.74535599249993,0.285623604864783,2.77258872223978,2.94443897916644
740,44,0.826866846153846,ItemAverage,0.74535599249993,0.285623604864783,2.77258872223978,2.94443897916644
741,44,1.16725969230769,GlobalAverage,0.74535599249993,0.285623604864783,2.77258872223978,2.94443897916644
742,44,0.837382384615385,LatentFeatureLogLinearModel,0.74535599249993,0.285623604864783,2.77258872223978,2.94443897916644
743,44,0.684322384615385,BiasedMatrixFactorization,0.74535599249993,0.285623604864783,2.77258872223978,2.94443897916644
744,44,0.772212923076923,SlopeOne,0.74535599249993,0.285623604864783,2.77258872223978,2.94443897916644
745,44,0.739770615384615,UserItemBaseline,0.74535599249993,0.285623604864783,2.77258872223978,2.94443897916644
746,44,0.728513615384615,MatrixFactorization,0.74535599249993,0.285623604864783,2.77258872223978,2.94443897916644
747,44,0.558207846153846,SigmoidSVDPlusPlus,0.74535599249993,0.285623604864783,2.77258872223978,2.94443897916644
748,44,0.692307692307692,UserAverage,0.74535599249993,0.285623604864783,2.77258872223978,2.94443897916644
749,45,0.800390470588235,BiPolarSlopeOne,1.13137084989848,0.230520936588746,3.25809653802148,3.25809653802148
750,45,0.791922,FactorWiseMatrixFactorization,1.13137084989848,0.230520936588746,3.25809653802148,3.25809653802148
751,45,1.70588235294118,Constant5,1.13137084989848,0.230520936588746,3.25809653802148,3.25809653802148
752,45,0.777701588235294,BiasedMatrixFactorization,1.13137084989848,0.230520936588746,3.25809653802148,3.25809653802148
753,45,1.79748332941176,Random,1.13137084989848,0.230520936588746,3.25809653802148,3.25809653802148
754,45,0.890815176470588,SlopeOne,1.13137084989848,0.230520936588746,3.25809653802148,3.25809653802148
755,45,0.779032,TimeAwareBaselineWithFrequencies,1.13137084989848,0.230520936588746,3.25809653802148,3.25809653802148
756,45,0.857361411764706,GlobalAverage,1.13137084989848,0.230520936588746,3.25809653802148,3.25809653802148
757,45,2.29411764705882,Constant,1.13137084989848,0.230520936588746,3.25809653802148,3.25809653802148
758,45,0.774780411764706,CoClustering,1.13137084989848,0.230520936588746,3.25809653802148,3.25809653802148
759,45,0.856720235294118,MatrixFactorization,1.13137084989848,0.230520936588746,3.25809653802148,3.25809653802148
760,45,0.850167117647059,LatentFeatureLogLinearModel,1.13137084989848,0.230520936588746,3.25809653802148,3.25809653802148
761,45,0.799203176470588,TimeAwareBaseline,1.13137084989848,0.230520936588746,3.25809653802148,3.25809653802148
762,45,0.936323470588236,ItemAverage,1.13137084989848,0.230520936588746,3.25809653802148,3.25809653802148
763,45,0.847420411764706,SigmoidSVDPlusPlus,1.13137084989848,0.230520936588746,3.25809653802148,3.25809653802148
764,45,0.823529411764706,UserAverage,1.13137084989848,0.230520936588746,3.25809653802148,3.25809653802148
765,45,0.781712941176471,UserItemBaseline,1.13137084989848,0.230520936588746,3.25809653802148,3.25809653802148
766,46,0.808170354166666,BiasedMatrixFactorization,1.02888274141711,0.257381373085011,3.80666248977032,4.29045944114839
767,46,1.41035075208333,Random,1.02888274141711,0.257381373085011,3.80666248977032,4.29045944114839
768,46,0.8575363125,FactorWiseMatrixFactorization,1.02888274141711,0.257381373085011,3.80666248977032,4.29045944114839
769,46,1.75,Constant5,1.02888274141711,0.257381373085011,3.80666248977032,4.29045944114839
770,46,0.852793354166667,CoClustering,1.02888274141711,0.257381373085011,3.80666248977032,4.29045944114839
771,46,2.25,Constant,1.02888274141711,0.257381373085011,3.80666248977032,4.29045944114839
772,46,0.84039675,LatentFeatureLogLinearModel,1.02888274141711,0.257381373085011,3.80666248977032,4.29045944114839
773,46,0.856559333333333,TimeAwareBaselineWithFrequencies,1.02888274141711,0.257381373085011,3.80666248977032,4.29045944114839
774,46,0.874790166666667,UserItemBaseline,1.02888274141711,0.257381373085011,3.80666248977032,4.29045944114839
775,46,0.854632229166667,SlopeOne,1.02888274141711,0.257381373085011,3.80666248977032,4.29045944114839
776,46,0.84789675,BiPolarSlopeOne,1.02888274141711,0.257381373085011,3.80666248977032,4.29045944114839
777,46,0.876941729166667,ItemAverage,1.02888274141711,0.257381373085011,3.80666248977032,4.29045944114839
778,46,1.043754,GlobalAverage,1.02888274141711,0.257381373085011,3.80666248977032,4.29045944114839
779,46,0.841203958333333,SigmoidSVDPlusPlus,1.02888274141711,0.257381373085011,3.80666248977032,4.29045944114839
780,46,0.858489208333333,TimeAwareBaseline,1.02888274141711,0.257381373085011,3.80666248977032,4.29045944114839
781,46,0.833469875,MatrixFactorization,1.02888274141711,0.257381373085011,3.80666248977032,4.29045944114839
782,46,1.043379,UserAverage,1.02888274141711,0.257381373085011,3.80666248977032,4.29045944114839
783,47,1.04044680526316,BiasedMatrixFactorization,1.34932933532641,0.460985028566663,3.40119738166216,3.40119738166216
784,47,1.10175321052632,SlopeOne,1.34932933532641,0.460985028566663,3.40119738166216,3.40119738166216
785,47,1.67766947368421,GlobalAverage,1.34932933532641,0.460985028566663,3.40119738166216,3.40119738166216
786,47,1.31578947368421,Constant,1.34932933532641,0.460985028566663,3.40119738166216,3.40119738166216
787,47,1.04156568421053,FactorWiseMatrixFactorization,1.34932933532641,0.460985028566663,3.40119738166216,3.40119738166216
788,47,1.66043952631579,ItemAverage,1.34932933532641,0.460985028566663,3.40119738166216,3.40119738166216
789,47,3,Constant5,1.34932933532641,0.460985028566663,3.40119738166216,3.40119738166216
790,47,1.07350342105263,CoClustering,1.34932933532641,0.460985028566663,3.40119738166216,3.40119738166216
791,47,1.25466494736842,BiPolarSlopeOne,1.34932933532641,0.460985028566663,3.40119738166216,3.40119738166216
792,47,1.25563431578947,TimeAwareBaseline,1.34932933532641,0.460985028566663,3.40119738166216,3.40119738166216
793,47,1.14747868421053,TimeAwareBaselineWithFrequencies,1.34932933532641,0.460985028566663,3.40119738166216,3.40119738166216
794,47,1.36842105263158,UserAverage,1.34932933532641,0.460985028566663,3.40119738166216,3.40119738166216
795,47,1.40029241052632,Random,1.34932933532641,0.460985028566663,3.40119738166216,3.40119738166216
796,47,1.26230110526316,UserItemBaseline,1.34932933532641,0.460985028566663,3.40119738166216,3.40119738166216
797,47,1.46694505263158,LatentFeatureLogLinearModel,1.34932933532641,0.460985028566663,3.40119738166216,3.40119738166216
798,47,1.16337031578947,SigmoidSVDPlusPlus,1.34932933532641,0.460985028566663,3.40119738166216,3.40119738166216
799,47,0.967111731578947,MatrixFactorization,1.34932933532641,0.460985028566663,3.40119738166216,3.40119738166216
800,48,0.612749564102564,BiPolarSlopeOne,0.691435457871596,0.305070326366079,3.29583686600433,4.07753744390572
801,48,0.558279743589744,BiasedMatrixFactorization,0.691435457871596,0.305070326366079,3.29583686600433,4.07753744390572
802,48,0.592853641025641,FactorWiseMatrixFactorization,0.691435457871596,0.305070326366079,3.29583686600433,4.07753744390572
803,48,1.8338643025641,Random,0.691435457871596,0.305070326366079,3.29583686600433,4.07753744390572
804,48,1.07692307692308,Constant5,0.691435457871596,0.305070326366079,3.29583686600433,4.07753744390572
805,48,0.603143102564102,TimeAwareBaselineWithFrequencies,0.691435457871596,0.305070326366079,3.29583686600433,4.07753744390572
806,48,0.597394051282051,LatentFeatureLogLinearModel,0.691435457871596,0.305070326366079,3.29583686600433,4.07753744390572
807,48,0.748060923076923,GlobalAverage,0.691435457871596,0.305070326366079,3.29583686600433,4.07753744390572
808,48,0.60249958974359,UserItemBaseline,0.691435457871596,0.305070326366079,3.29583686600433,4.07753744390572
809,48,0.61234258974359,UserAverage,0.691435457871596,0.305070326366079,3.29583686600433,4.07753744390572
810,48,0.596528948717949,SlopeOne,0.691435457871596,0.305070326366079,3.29583686600433,4.07753744390572
811,48,0.556449025641026,MatrixFactorization,0.691435457871596,0.305070326366079,3.29583686600433,4.07753744390572
812,48,2.92307692307692,Constant,0.691435457871596,0.305070326366079,3.29583686600433,4.07753744390572
813,48,0.599540564102564,ItemAverage,0.691435457871596,0.305070326366079,3.29583686600433,4.07753744390572
814,48,0.680369717948718,CoClustering,0.691435457871596,0.305070326366079,3.29583686600433,4.07753744390572
815,48,0.620532923076923,SigmoidSVDPlusPlus,0.691435457871596,0.305070326366079,3.29583686600433,4.07753744390572
816,48,0.600441666666667,TimeAwareBaseline,0.691435457871596,0.305070326366079,3.29583686600433,4.07753744390572
817,49,0.454256181818182,BiasedMatrixFactorization,0.690741762894452,0.237297913452048,2.89037175789616,2.89037175789616
818,49,0.463124090909091,FactorWiseMatrixFactorization,0.690741762894452,0.237297913452048,2.89037175789616,2.89037175789616
819,49,1.43865181818182,Random,0.690741762894452,0.237297913452048,2.89037175789616,2.89037175789616
820,49,0.426838,TimeAwareBaselineWithFrequencies,0.690741762894452,0.237297913452048,2.89037175789616,2.89037175789616
821,49,0.463375818181818,SlopeOne,0.690741762894452,0.237297913452048,2.89037175789616,2.89037175789616
822,49,0.450046454545454,UserItemBaseline,0.690741762894452,0.237297913452048,2.89037175789616,2.89037175789616
823,49,0.438001727272727,LatentFeatureLogLinearModel,0.690741762894452,0.237297913452048,2.89037175789616,2.89037175789616
824,49,0.466718454545454,MatrixFactorization,0.690741762894452,0.237297913452048,2.89037175789616,2.89037175789616
825,49,0.543177454545455,GlobalAverage,0.690741762894452,0.237297913452048,2.89037175789616,2.89037175789616
826,49,2.86363636363636,Constant,0.690741762894452,0.237297913452048,2.89037175789616,2.89037175789616
827,49,0.520202,UserAverage,0.690741762894452,0.237297913452048,2.89037175789616,2.89037175789616
828,49,0.512558818181818,CoClustering,0.690741762894452,0.237297913452048,2.89037175789616,2.89037175789616
829,49,0.442730454545455,BiPolarSlopeOne,0.690741762894452,0.237297913452048,2.89037175789616,2.89037175789616
830,49,1.13636363636364,Constant5,0.690741762894452,0.237297913452048,2.89037175789616,2.89037175789616
831,49,0.445491363636364,ItemAverage,0.690741762894452,0.237297913452048,2.89037175789616,2.89037175789616
832,49,0.424901,TimeAwareBaseline,0.690741762894452,0.237297913452048,2.89037175789616,2.89037175789616
833,49,0.460517545454545,SigmoidSVDPlusPlus,0.690741762894452,0.237297913452048,2.89037175789616,2.89037175789616
834,50,1.94289174615385,Random,0.679713557436989,0.300259761189346,4.07753744390572,4.07753744390572
835,50,0.501145769230769,SlopeOne,0.679713557436989,0.300259761189346,4.07753744390572,4.07753744390572
836,50,0.504136256410256,BiasedMatrixFactorization,0.679713557436989,0.300259761189346,4.07753744390572,4.07753744390572
837,50,0.573838615384615,ItemAverage,0.679713557436989,0.300259761189346,4.07753744390572,4.07753744390572
838,50,0.570311820512821,CoClustering,0.679713557436989,0.300259761189346,4.07753744390572,4.07753744390572
839,50,0.542703153846154,BiPolarSlopeOne,0.679713557436989,0.300259761189346,4.07753744390572,4.07753744390572
840,50,0.51172441025641,UserItemBaseline,0.679713557436989,0.300259761189346,4.07753744390572,4.07753744390572
841,50,0.50562241025641,TimeAwareBaselineWithFrequencies,0.679713557436989,0.300259761189346,4.07753744390572,4.07753744390572
842,50,0.479661974358974,MatrixFactorization,0.679713557436989,0.300259761189346,4.07753744390572,4.07753744390572
843,50,0.481590923076923,FactorWiseMatrixFactorization,0.679713557436989,0.300259761189346,4.07753744390572,4.07753744390572
844,50,3.19230769230769,Constant,0.679713557436989,0.300259761189346,4.07753744390572,4.07753744390572
845,50,0.516170692307693,LatentFeatureLogLinearModel,0.679713557436989,0.300259761189346,4.07753744390572,4.07753744390572
846,50,0.80445641025641,GlobalAverage,0.679713557436989,0.300259761189346,4.07753744390572,4.07753744390572
847,50,0.512551692307692,TimeAwareBaseline,0.679713557436989,0.300259761189346,4.07753744390572,4.07753744390572
848,50,0.807692307692308,Constant5,0.679713557436989,0.300259761189346,4.07753744390572,4.07753744390572
849,50,0.506248692307692,SigmoidSVDPlusPlus,0.679713557436989,0.300259761189346,4.07753744390572,4.07753744390572
850,50,0.522816230769231,UserAverage,0.679713557436989,0.300259761189346,4.07753744390572,4.07753744390572
